"","","mpn","name","status","type","wifi","bluetooth","threadZigbee","operatingTemp","gpio","flash","sram","rom","psram","freq","dimensions","spq","moq","preFirmware","idfSupports","voltageRange"
"FALSE","1","ESP32-S3","ESP32-S3","Mass Production","SoC","IEEE 802.11b/g/n; 2.4 GHz; HT20/40; up to 150 Mbps","Bluetooth LE v5.0","N/A","-40 ~ 105","45","0, Quad","512","384","0, Quad","240","QFN56 (7*7)","2000","2000","N/A","v0.x","3.0 ~ 3.6"
"FALSE","2","ESP32-S3R2","ESP32-S3","Mass Production","SoC","IEEE 802.11b/g/n; 2.4 GHz; HT20/40; up to 150 Mbps","Bluetooth LE v5.0","N/A","-40 ~ 85","45","0, Quad","512","384","2, Quad","240","QFN56(7*7)","2000","2000","N/A","v0.x","3.0 ~ 3.6"
"FALSE","3","ESP32-S3R8","ESP32-S3","Mass Production","SoC","IEEE 802.11b/g/n; 2.4 GHz; HT20/40; up to 150 Mbps","Bluetooth LE v5.0","N/A","-40 ~ 65","45","0, Quad","512","384","8, Octal","240","QFN56(7*7)","2000","2000","N/A","v0.x","3.0 ~ 3.6"
"FALSE","4","ESP32-S3-PICO-1-N8R2","ESP32-S3-PICO-1","Mass Production","SoC","IEEE 802.11b/g/n; 2.4 GHz; HT20/40; up to 150 Mbps","Bluetooth LE v5.0","N/A","-40 ~ 85","39","8, Quad","512","384","2, Quad","240","LGA56(7*7)","2000","2000","N/A","v0.x","3.0 ~ 3.6"
"FALSE","5","ESP32-C5NR4","ESP32-C5","Sample","SoC","IEEE 802.11b/g/n; 2.4/5 GHz; HT20/40; up to 150 Mbps","Bluetooth LE v5.0","Yes","-40 ~ 85","22","0","384","320","4","240","QFN 6*6","5000","5000","NO","","3.0 ~ 3.6"
"FALSE","6","ESP32-C5NF4","ESP32-C5","Sample","SoC","IEEE 802.11b/g/n; 2.4/5 GHz; HT20/40; up to 150 Mbps","Bluetooth LE v5.0","Yes","-40 ~ 85","22","4","384","320","0","240","QFN 6*6","5000","5000","NO","","3.0 ~ 3.6"
"FALSE","7","ESP32-C5-WROOM-1-N4","ESP32-C5-WROOM-1","Sample","Module","IEEE 802.11b/g/n; 2.4/5 GHz; HT20/40; up to 150 Mbps","Bluetooth LE v5.0","Yes","-40 ~ 85","22","4","384","320","0","240","18*27.5*3.3","650","3250","NO","","3.0 ~ 3.6"
"FALSE","8","ESP32-C5-WROOM-1-N8R4","ESP32-C5-WROOM-1","Sample","Module","IEEE 802.11b/g/n; 2.4/5 GHz; HT20/40; up to 150 Mbps","Bluetooth LE v5.0","Yes","-40 ~ 85","22","8","384","320","4","240","18*27.5*3.3","650","3250","NO","","3.0 ~ 3.6"
"FALSE","9","ESP32-C5-WROOM-1-N16R4","ESP32-C5-WROOM-1","Sample","Module","IEEE 802.11b/g/n; 2.4/5 GHz; HT20/40; up to 150 Mbps","Bluetooth LE v5.0","Yes","-40 ~ 85","22","16","384","320","4","240","18*27.5*3.3","650","3250","NO","","3.0 ~ 3.6"
"FALSE","10","ESP32-C5-WROOM-1U-N8R4","ESP32-C5-WROOM-1U","Sample","Module","IEEE 802.11b/g/n; 2.4/5 GHz; HT20/40; up to 150 Mbps","Bluetooth LE v5.0","Yes","-40 ~ 85","22","8","384","320","4","240","18*27.5*3.3","650","3250","NO","","3.0 ~ 3.6"
"FALSE","11","ESP32-S3R8V","ESP32-S3","EOL","SoC","IEEE 802.11b/g/n; 2.4 GHz; HT20/40; up to 150 Mbps","Bluetooth LE v5.0","N/A","-40 ~ 65","45","0, Quad","512","384","8, Octal","240","QFN56(7*7)","2000","2000","N/A","v0.x","3.0 ~ 3.6"
"FALSE","12","ESP32-S3FN8","ESP32-S3","Mass Production","SoC","IEEE 802.11b/g/n; 2.4 GHz; HT20/40; up to 150 Mbps","Bluetooth LE v5.0","N/A","-40 ~ 85","45","8, Quad","512","384","0, Quad","240","QFN56(7*7)","2000","2000","NO","v0.x","3.0 ~ 3.6"
"FALSE","13","ESP32-S3R16V","ESP32-S3","Mass Production","SoC","IEEE 802.11b/g/n; 2.4 GHz; HT20/40; up to 150 Mbps","Bluetooth LE v5.0","N/A","-40 ~ 65","45","0, Quad","512","384","16, Octal","240","QFN56(7*7)","2000","2000","N/A","v0.x","3.0 ~ 3.6"
"FALSE","14","ESP32-C3","ESP32-C3","Mass Production","SoC","IEEE 802.11b/g/n; 2.4 GHz; HT20/40; up to 150 Mbps","Bluetooth LE v5.0","N/A","-40 ~ 105","22","0, Quad","400","384","0, Quad","160","QFN32 (5*5)","5000","5000","N/A","v0.x","3.0 ~ 3.6"
"FALSE","15","ESP32-C3FN4","ESP32-C3","EOL","SoC","IEEE 802.11b/g/n; 2.4 GHz; HT20/40; up to 150 Mbps","Bluetooth LE v5.0","N/A","-40 ~ 85","22","4, Quad","400","384","0, Quad","160","QFN32 (5*5)","5000","5000","NO","v0.x","3.0 ~ 3.6"
"FALSE","16","ESP32-C3FH4","ESP32-C3","Mass Production","SoC","IEEE 802.11b/g/n; 2.4 GHz; HT20/40; up to 150 Mbps","Bluetooth LE v5.0","N/A","-40 ~ 105","22","4, Quad","400","384","0, Quad","160","QFN32 (5*5)","5000","5000","NO","v0.x","3.0 ~ 3.6"
"FALSE","17","ESP32-C3FH4X","ESP32-C3","Mass Production","SoC","IEEE 802.11b/g/n; 2.4 GHz; HT20/40; up to 150 Mbps","Bluetooth LE v5.0","N/A","-40 ~ 105","22","4, Quad","400","384","0, Quad","160","QFN32 (5*5)","5000","5000","NO","v1.x","3.0 ~ 3.6"
"FALSE","18","ESP32-S2","ESP32-S2","Mass Production","SoC","IEEE 802.11b/g/n; 2.4 GHz; HT20/40; up to 150 Mbps","N/A","N/A","-40 ~ 105","43","0, Quad","320","128","0, Quad","240","QFN56 (7*7)","2000","2000","N/A","v1.x","3.0 ~ 3.6"
"FALSE","19","ESP32-S2R2","ESP32-S2","Mass Production","SoC","IEEE 802.11b/g/n; 2.4 GHz; HT20/40; up to 150 Mbps","N/A","N/A","-40 ~ 85","43","0, Quad","320","128","2, Quad","240","QFN56(7*7)","2000","2000","N/A","-","3.0 ~ 3.6"
"FALSE","20","ESP32-S2FH2","ESP32-S2F","Mass Production","SoC","IEEE 802.11b/g/n; 2.4 GHz; HT20/40; up to 150 Mbps","N/A","N/A","-40 ~ 105","43","2, Quad","320","128","0, Quad","240","QFN56 (7*7)","2000","2000","NO","-","3.0 ~ 3.6"
"FALSE","21","ESP32-S2FH4","ESP32-S2F","Mass Production","SoC","IEEE 802.11b/g/n; 2.4 GHz; HT20/40; up to 150 Mbps","N/A","N/A","-40 ~ 105","43","4, Quad","320","128","0, Quad","240","QFN56 (7*7)","2000","2000","NO","-","3.0 ~ 3.6"
"FALSE","22","ESP32-S2FN4R2","ESP32-S2F","Mass Production","SoC","IEEE 802.11b/g/n; 2.4 GHz; HT20/40; up to 150 Mbps","N/A","N/A","-40 ~ 85","43","4, Quad","320","128","2, Quad","240","QFN56(7*7)","2000","2000","NO","-","3.0 ~ 3.6"
"FALSE","23","ESP32-D0WD-V3","ESP32","Mass Production","SoC","IEEE 802.11b/g/n; 2.4 GHz; HT20/40; up to 150 Mbps","BR/EDR + Bluetooth LE v4.2","N/A","-40 ~ 125","34","0, Quad","520","448","0, Quad","240","QFN48 (5*5)","5000","5000","N/A","v3.x","2.3 ~ 3.6"
"FALSE","24","ESP32-D0WD","ESP32","NRND","SoC","IEEE 802.11b/g/n; 2.4 GHz; HT20/40; up to 150 Mbps","BR/EDR + Bluetooth LE v4.2","N/A","-40 ~ 125","34","0, Quad","520","448","0, Quad","240","QFN48 (5*5)","5000","5000","N/A","v1.x","2.3 ~ 3.6"
"FALSE","25","ESP32-D0WDQ6-V3","ESP32","NRND","SoC","IEEE 802.11b/g/n; 2.4 GHz; HT20/40; up to 150 Mbps","BR/EDR + Bluetooth LE v4.2","N/A","-40 ~ 125","34","0, Quad","520","448","0, Quad","240","QFN48 (6*6)","3000","3000","N/A","v3.x","2.3 ~ 3.6"
"FALSE","26","ESP32-D0WDQ6","ESP32","NRND","SoC","IEEE 802.11b/g/n; 2.4 GHz; HT20/40; up to 150 Mbps","BR/EDR + Bluetooth LE v4.2","N/A","-40 ~ 125","34","0, Quad","520","448","0, Quad","240","QFN48 (6*6)","3000","3000","N/A","v1.x","2.3 ~ 3.6"
"FALSE","27","ESP32-U4WDH","ESP32","Mass Production","SoC","IEEE 802.11b/g/n; 2.4 GHz; HT20/40; up to 150 Mbps","BR/EDR + Bluetooth LE v4.2","N/A","-40 ~ 105","34","4, Quad","520","448","0, Quad","240","QFN48 (5*5)","5000","5000","NO","v3.x","3.0 ~ 3.6"
"FALSE","28","ESP32-S0WD","ESP32","NRND","SoC","IEEE 802.11b/g/n; 2.4 GHz; HT20/40; up to 150 Mbps","BR/EDR + Bluetooth LE v4.2","N/A","-40 ~ 125","34","0, Quad","520","448","0, Quad","160","QFN48 (5*5)","5000","5000","N/A","v1.x","2.3 ~ 3.6"
"FALSE","29","ESP32-PICO-V3","ESP32-PICO-V3","Mass Production","SoC","IEEE 802.11b/g/n; 2.4 GHz; HT20/40; up to 150 Mbps","BR/EDR + Bluetooth LE v4.2","N/A","-40 ~ 85","31","4, Quad","520","448","0, Quad","240","LGA48 (7*7)","2000","2000","NO","v3.x","3.0 ~ 3.6"
"FALSE","30","ESP32-PICO-V3-02","ESP32-PICO-V3-02","Mass Production","SoC","IEEE 802.11b/g/n; 2.4 GHz; HT20/40; up to 150 Mbps","BR/EDR + Bluetooth LE v4.2","N/A","-40 ~ 85","29","8, Quad","520","448","2, Quad","240","LGA48 (7*7)","2000","2000","NO","v3.x","3.0 ~ 3.6"
"FALSE","31","ESP32-PICO-D4","ESP32-PICO-D4","NRND","SoC","IEEE 802.11b/g/n; 2.4 GHz; HT20/40; up to 150 Mbps","BR/EDR + Bluetooth LE v4.2","N/A","-40 ~ 85","34","4, Quad","520","448","0, Quad","240","LGA48 (7*7)","2000","2000","NO","v1.x","3.0 ~ 3.6"
"FALSE","32","ESP8266EX","ESP8266EX","Mass Production","SoC","IEEE 802.11b/g/n; 2.4 GHz; HT20; up to 75 Mbps","N/A","N/A","-40 ~ 125","17","0, Quad","160","0","0, Quad","160","QFN32 (5*5)","5000","5000","N/A","-","2.5 ~ 3.6"
"FALSE","33","ESP8285N08","ESP8285","NRND","SoC","IEEE 802.11b/g/n; 2.4 GHz; HT20; up to 75 Mbps","N/A","N/A","-40 ~ 85","17","1, Quad","160","0","0, Quad","160","QFN32 (5*5)","5000","5000","NO","-","2.7 ~ 3.6"
"FALSE","34","ESP8285H16","ESP8285","Mass Production","SoC","IEEE 802.11b/g/n; 2.4 GHz; HT20; up to 75 Mbps","N/A","N/A","-40 ~ 105","17","2, Quad","160","0","0, Quad","160","QFN32 (5*5)","5000","5000","NO","-","2.7 ~ 3.6"
"FALSE","35","ESP32-S3-WROOM-1-N4","ESP32-S3-WROOM-1","Mass Production","Module","IEEE 802.11b/g/n; 2.4 GHz; HT20/40; up to 150 Mbps","Bluetooth LE v5.0","N/A","-40 ~ 85","36","4, Quad","512","384","0, Quad","240","18*25.5*3.1","650","3250","NO","v0.x","3.0 ~ 3.6"
"FALSE","36","ESP32-S3-WROOM-1-N8","ESP32-S3-WROOM-1","Mass Production","Module","IEEE 802.11b/g/n; 2.4 GHz; HT20/40; up to 150 Mbps","Bluetooth LE v5.0","N/A","-40 ~ 85","36","8, Quad","512","384","0, Quad","240","18*25.5*3.1","650","3250","NO","v0.x","3.0 ~ 3.6"
"FALSE","37","ESP32-S3-WROOM-1-N16","ESP32-S3-WROOM-1","Mass Production","Module","IEEE 802.11b/g/n; 2.4 GHz; HT20/40; up to 150 Mbps","Bluetooth LE v5.0","N/A","-40 ~ 85","36","16, Quad","512","384","0, Quad","240","18*25.5*3.1","650","3250","NO","v0.x","3.0 ~ 3.6"
"FALSE","38","ESP32-S3-WROOM-1-N4R8","ESP32-S3-WROOM-1","Mass Production","Module","IEEE 802.11b/g/n; 2.4 GHz; HT20/40; up to 150 Mbps","Bluetooth LE v5.0","N/A","-40 ~ 65","33","4, Quad","512","384","8, Octal","240","18*25.5*3.1","650","3250","NO","v0.x","3.0 ~ 3.6"
"FALSE","39","ESP32-S3-WROOM-1-N8R8","ESP32-S3-WROOM-1","Mass Production","Module","IEEE 802.11b/g/n; 2.4 GHz; HT20/40; up to 150 Mbps","Bluetooth LE v5.0","N/A","-40 ~ 65","33","8, Quad","512","384","8, Octal","240","18*25.5*3.1","650","3250","NO","v0.x","3.0 ~ 3.6"
"FALSE","40","ESP32-S3-WROOM-1-N16R8","ESP32-S3-WROOM-1","Mass Production","Module","IEEE 802.11b/g/n; 2.4 GHz; HT20/40; up to 150 Mbps","Bluetooth LE v5.0","N/A","-40 ~ 65","33","16, Quad","512","384","8, Octal","240","18*25.5*3.1","650","3250","NO","v0.x","3.0 ~ 3.6"
"FALSE","41","ESP32-S3-WROOM-1-N16R16VA","ESP32-S3-WROOM-1","Mass Production","Module","IEEE 802.11b/g/n; 2.4 GHz; HT20/40; up to 150 Mbps","Bluetooth LE v5.0","N/A","-40 ~ 65","33","16, Quad","512","384","16, Octal","240","18*25.5*3.1","650","3250","NO","v0.x","3.0 ~ 3.6"
"FALSE","42","ESP32-S3-WROOM-1-N4R2","ESP32-S3-WROOM-1","Mass Production","Module","IEEE 802.11b/g/n; 2.4 GHz; HT20/40; up to 150 Mbps","Bluetooth LE v5.0","N/A","-40 ~ 85","36","4, Quad","512","384","2, Quad","240","18*25.5*3.1","650","3250","NO","v0.x","3.0 ~ 3.6"
"FALSE","43","ESP32-S3-WROOM-1-N8R2","ESP32-S3-WROOM-1","Mass Production","Module","IEEE 802.11b/g/n; 2.4 GHz; HT20/40; up to 150 Mbps","Bluetooth LE v5.0","N/A","-40 ~ 85","36","8, Quad","512","384","2, Quad","240","18*25.5*3.1","650","3250","NO","v0.x","3.0 ~ 3.6"
"FALSE","44","ESP32-S3-WROOM-1-N16R2","ESP32-S3-WROOM-1","Mass Production","Module","IEEE 802.11b/g/n; 2.4 GHz; HT20/40; up to 150 Mbps","Bluetooth LE v5.0","N/A","-40 ~ 85","36","16, Quad","512","384","2, Quad","240","18*25.5*3.1","650","3250","NO","v0.x","3.0 ~ 3.6"
"FALSE","45","ESP32-S3-WROOM-1-H4","ESP32-S3-WROOM-1_High Temp Version","Mass Production","Module","IEEE 802.11b/g/n; 2.4 GHz; HT20/40; up to 150 Mbps","Bluetooth LE v5.0","N/A","-40 ~ 105","36","4, Quad","512","384","0, Quad","240","18*25.5*3.1","650","3250","NO","v0.x","3.0 ~ 3.6"
"FALSE","46","ESP32-S3-MINI-1-N8","ESP32-S3-MINI-1","Mass Production","Module","IEEE 802.11b/g/n; 2.4 GHz; HT20/40; up to 150 Mbps","Bluetooth LE v5.0","N/A","-40 ~ 85","39","8, Quad","512","384","0, Quad","240","15.4*20.5*2.4","650","3250","NO","v0.x","3.0 ~ 3.6"
"FALSE","47","ESP32-S3-MINI-1-N4R2","ESP32-S3-MINI-1","Mass Production","Module","IEEE 802.11b/g/n; 2.4 GHz; HT20/40; up to 150 Mbps","Bluetooth LE v5.0","N/A","-40 ~ 85","39","4, Quad","512","384","2, Quad","237","15.4*20.5*2.4","650","3250","NO","v0.x","3.0 ~ 3.6"
"FALSE","48","ESP32-C3-MINI-1-N4","ESP32-C3-MINI-1","NRND","Module","IEEE 802.11b/g/n; 2.4 GHz; HT20/40; up to 150 Mbps","Bluetooth LE v5.0","N/A","-40 ~ 85","15","4, Quad","400","384","0, Quad","160","13.2*16.6*2.4","650","3250","NO","v0.x","3.0 ~ 3.6"
"FALSE","49","ESP32-C3-MINI-1-N4X","ESP32-C3-MINI-1","Mass Production","Module","IEEE 802.11b/g/n; 2.4 GHz; HT20/40; up to 150 Mbps","Bluetooth LE v5.0","N/A","-40 ~ 85","15","4, Quad","400","384","0, Quad","160","13.2*16.6*2.4","650","3250","NO","v1.x","3.0 ~ 3.6"
"FALSE","50","ESP32-C3-MINI-1-H4","ESP32-C3-MINI-1_High Temp Version","NRND","Module","IEEE 802.11b/g/n; 2.4 GHz; HT20/40; up to 150 Mbps","Bluetooth LE v5.0","N/A","-40 ~ 105","15","4, Quad","400","384","0, Quad","160","13.2*16.6*2.4","650","3250","NO","v0.x","3.0 ~ 3.6"
"FALSE","51","ESP32-C3-MINI-1U-N4","ESP32-C3-MINI-1U","NRND","Module","IEEE 802.11b/g/n; 2.4 GHz; HT20/40; up to 150 Mbps","Bluetooth LE v5.0","N/A","-40 ~ 85","15","4, Quad","400","384","0, Quad","160","13.2*12.5*2.4","650","3250","NO","v0.x","3.0 ~ 3.6"
"FALSE","52","ESP32-C3-MINI-1U-N4X","ESP32-C3-MINI-1U","Mass Production","Module","IEEE 802.11b/g/n; 2.4 GHz; HT20/40; up to 150 Mbps","Bluetooth LE v5.0","N/A","-40 ~ 85","15","4, Quad","400","384","0, Quad","160","13.2*12.5*2.4","650","3250","NO","v1.x","3.0 ~ 3.6"
"FALSE","53","ESP32-C3-MINI-1U-H4","ESP32-C3-MINI-1U_High Temp Version","NRND","Module","IEEE 802.11b/g/n; 2.4 GHz; HT20/40; up to 150 Mbps","Bluetooth LE v5.0","N/A","-40 ~ 105","15","4, Quad","400","384","0, Quad","160","13.2*12.5*2.4","650","3250","NO","v0.x","3.0 ~ 3.6"
"FALSE","54","ESP32-C3-MINI-1U-H4X","ESP32-C3-MINI-1U","Mass Production","Module","IEEE 802.11b/g/n; 2.4 GHz; HT20/40; up to 150 Mbps","Bluetooth LE v5.0","N/A","-40 ~ 105","15","4, Quad","400","384","0, Quad","160","13.2*12.5*2.4","650","3250","NO","v1.x","3.0 ~ 3.6"
"FALSE","55","ESP32-C3-WROOM-02-N4","ESP32-C3-WROOM-02","Mass Production","Module","IEEE 802.11b/g/n; 2.4 GHz; HT20/40; up to 150 Mbps","Bluetooth LE v5.0","N/A","-40 ~ 85","15","4, Quad","400","384","0, Quad","160","18*20*3.2","650","3250","NO","v0.x","3.0 ~ 3.6"
"FALSE","56","ESP32-C3-WROOM-02-H4","ESP32-C3-WROOM-02_High Temp Version","Mass Production","Module","IEEE 802.11b/g/n; 2.4 GHz; HT20/40; up to 150 Mbps","Bluetooth LE v5.0","N/A","-40 ~ 105","15","4, Quad","400","384","0, Quad","160","18*20*3.2","650","3250","NO","v0.x","3.0 ~ 3.6"
"FALSE","57","ESP32-C3-WROOM-02U-N4","ESP32-C3-WROOM-02U","Mass Production","Module","IEEE 802.11b/g/n; 2.4 GHz; HT20/40; up to 150 Mbps","Bluetooth LE v5.0","N/A","-40 ~ 85","15","4, Quad","400","384","0, Quad","160","18*14.3*3.2","650","3250","NO","v0.x","3.0 ~ 3.6"
"FALSE","58","ESP32-C3-WROOM-02U-H4","ESP32-C3-WROOM-02U_High Temp Version","Mass Production","Module","IEEE 802.11b/g/n; 2.4 GHz; HT20/40; up to 150 Mbps","Bluetooth LE v5.0","N/A","-40 ~ 105","15","4, Quad","400","384","0, Quad","160","18*14.3*3.2","650","3250","NO","v0.x","3.0 ~ 3.6"
"FALSE","59","ESP32-S2-MINI-1-N4","ESP32-S2-MINI-1","NRND","Module","IEEE 802.11b/g/n; 2.4 GHz; HT20/40; up to 150 Mbps","N/A","N/A","-40 ~ 85","37","4, Quad","320","128","0, Quad","240","15.4*20*2.4","650","3250","NO","-","3.0 ~ 3.6"
"FALSE","60","ESP32-S2-MINI-1-H4","ESP32-S2-MINI-1_High Temp Version","EOL","Module","IEEE 802.11b/g/n; 2.4 GHz; HT20/40; up to 150 Mbps","N/A","N/A","-40 ~ 105","37","4, Quad","320","128","0, Quad","240","15.4*20*2.4","650","3250","NO","-","3.0 ~ 3.6"
"FALSE","61","ESP32-S2-MINI-1-N4R2","ESP32-S2-MINI-1(integrates PSRAM)","NRND","Module","IEEE 802.11b/g/n; 2.4 GHz; HT20/40; up to 150 Mbps","N/A","N/A","-40 ~ 85","37","4, Quad","320","128","2, Quad","240","15.4*20*2.4","650","3250","NO","-","3.0 ~ 3.6"
"FALSE","62","ESP32-S2-MINI-1U-N4","ESP32-S2-MINI-1U","NRND","Module","IEEE 802.11b/g/n; 2.4 GHz; HT20/40; up to 150 Mbps","N/A","N/A","-40 ~ 85","37","4, Quad","320","128","0, Quad","240","15.4*15.4*2.4","650","3250","NO","-","3.0 ~ 3.6"
"FALSE","63","ESP32-S2-MINI-1U-H4","ESP32-S2-MINI-1U_High Temp Version","EOL","Module","IEEE 802.11b/g/n; 2.4 GHz; HT20/40; up to 150 Mbps","N/A","N/A","-40 ~ 105","37","4, Quad","320","128","0, Quad","240","15.4*15.4*2.4","650","3250","NO","-","3.0 ~ 3.6"
"FALSE","64","ESP32-S2-MINI-1U-N4R2","ESP32-S2-MINI-1U(integrates PSRAM)","EOL","Module","IEEE 802.11b/g/n; 2.4 GHz; HT20/40; up to 150 Mbps","N/A","N/A","-40 ~ 85","37","4, Quad","320","128","2, Quad","240","15.4*15.4*2.4","650","3250","NO","-","3.0 ~ 3.6"
"FALSE","65","ESP32-S2-SOLO-N4","ESP32-S2-SOLO","EOL","Module","IEEE 802.11b/g/n; 2.4 GHz; HT20/40; up to 150 Mbps","N/A","N/A","-40 ~ 85","36","4, Quad","320","128","0, Quad","240","18*25.5*3.1","650","3250","NO","-","3.0 ~ 3.6"
"FALSE","66","ESP32-S2-SOLO-N8","ESP32-S2-SOLO","EOL","Module","IEEE 802.11b/g/n; 2.4 GHz; HT20/40; up to 150 Mbps","N/A","N/A","-40 ~ 85","36","8, Quad","320","128","0, Quad","240","18*25.5*3.1","650","3250","NO","-","3.0 ~ 3.6"
"FALSE","67","ESP32-S2-SOLO-N16","ESP32-S2-SOLO","EOL","Module","IEEE 802.11b/g/n; 2.4 GHz; HT20/40; up to 150 Mbps","N/A","N/A","-40 ~ 85","36","16, Quad","320","128","0, Quad","240","18*25.5*3.1","650","3250","NO","-","3.0 ~ 3.6"
"FALSE","68","ESP32-S2-SOLO-H4","ESP32-S2-SOLO_High Temp Version","EOL","Module","IEEE 802.11b/g/n; 2.4 GHz; HT20/40; up to 150 Mbps","N/A","N/A","-40 ~ 105","36","4, Quad","320","128","0, Quad","240","18*25.5*3.1","650","3250","NO","-","3.0 ~ 3.6"
"FALSE","69","ESP32-S2-SOLO-N4R2","ESP32-S2-SOLO(integrates PSRAM)","EOL","Module","IEEE 802.11b/g/n; 2.4 GHz; HT20/40; up to 150 Mbps","N/A","N/A","-40 ~ 85","36","4, Quad","320","128","2, Quad","240","18*25.5*3.1","650","3250","NO","-","3.0 ~ 3.6"
"FALSE","70","ESP32-S2-SOLO-U-N4","ESP32-S2-SOLO-U","EOL","Module","IEEE 802.11b/g/n; 2.4 GHz; HT20/40; up to 150 Mbps","N/A","N/A","-40 ~ 85","36","4, Quad","320","128","0, Quad","240","18*19.2*3.2","650","3250","NO","-","3.0 ~ 3.6"
"FALSE","71","ESP32-S2-SOLO-U-N8","ESP32-S2-SOLO-U","EOL","Module","IEEE 802.11b/g/n; 2.4 GHz; HT20/40; up to 150 Mbps","N/A","N/A","-40 ~ 85","36","8, Quad","320","128","0, Quad","240","18*19.2*3.2","650","3250","NO","-","3.0 ~ 3.6"
"FALSE","72","ESP32-S2-SOLO-U-N16","ESP32-S2-SOLO-U","EOL","Module","IEEE 802.11b/g/n; 2.4 GHz; HT20/40; up to 150 Mbps","N/A","N/A","-40 ~ 85","36","16, Quad","320","128","0, Quad","240","18*19.2*3.2","650","3250","NO","-","3.0 ~ 3.6"
"FALSE","73","ESP32-S2-SOLO-U-H4","ESP32-S2-SOLO-U_High Temp Version","EOL","Module","IEEE 802.11b/g/n; 2.4 GHz; HT20/40; up to 150 Mbps","N/A","N/A","-40 ~ 105","36","4, Quad","320","128","0, Quad","240","18*19.2*3.2","650","3250","NO","-","3.0 ~ 3.6"
"FALSE","74","ESP32-S2-SOLO-U-N4R2","ESP32-S2-SOLO-U(integrates PSRAM)","EOL","Module","IEEE 802.11b/g/n; 2.4 GHz; HT20/40; up to 150 Mbps","N/A","N/A","-40 ~ 85","36","4, Quad","320","128","2, Quad","240","18*19.2*3.2","650","3250","NO","-","3.0 ~ 3.6"
"FALSE","75","ESP32-S2-WROOM-N4","ESP32-S2-WROOM","EOL","Module","IEEE 802.11b/g/n; 2.4 GHz; HT20/40; up to 150 Mbps","N/A","N/A","-40 ~ 85","37","4, Quad","320","128","0, Quad","240","18*31*3.3","650","3250","NO","-","3.0 ~ 3.6"
"FALSE","76","ESP32-S2-WROOM-H4","ESP32-S2-WROOM_High Temp Version","EOL","Module","IEEE 802.11b/g/n; 2.4 GHz; HT20/40; up to 150 Mbps","N/A","N/A","-40 ~ 105","37","4, Quad","320","128","0, Quad","240","18*31*3.3","650","3250","NO","-","3.0 ~ 3.6"
"FALSE","77","ESP32-S2-WROOM-I-N4","ESP32-S2-WROOM-I","EOL","Module","IEEE 802.11b/g/n; 2.4 GHz; HT20/40; up to 150 Mbps","N/A","N/A","-40 ~ 85","37","4, Quad","320","128","0, Quad","240","18*31*3.3","650","3250","NO","-","3.0 ~ 3.6"
"FALSE","78","ESP32-S2-WROOM-I-H4","ESP32-S2-WROOM-I_High Temp Version","EOL","Module","IEEE 802.11b/g/n; 2.4 GHz; HT20/40; up to 150 Mbps","N/A","N/A","-40 ~ 105","37","4, Quad","320","128","0, Quad","240","18*31*3.3","650","3250","NO","-","3.0 ~ 3.6"
"FALSE","79","ESP32-S2-WROVER-N4R2","ESP32-S2-WROVER","EOL","Module","IEEE 802.11b/g/n; 2.4 GHz; HT20/40; up to 150 Mbps","N/A","N/A","-40 ~ 85","37","4, Quad","320","128","2, Quad","240","18*31*3.3","650","3250","NO","-","3.0 ~ 3.6"
"FALSE","80","ESP32-S2-WROVER-N8R2","ESP32-S2-WROVER(8MB)","EOL","Module","IEEE 802.11b/g/n; 2.4 GHz; HT20/40; up to 150 Mbps","N/A","N/A","-40 ~ 85","37","8, Quad","320","128","2, Quad","240","18*31*3.3","650","3250","NO","-","3.0 ~ 3.6"
"FALSE","81","ESP32-S2-WROVER-N16R2","ESP32-S2-WROVER(16MB)","EOL","Module","IEEE 802.11b/g/n; 2.4 GHz; HT20/40; up to 150 Mbps","N/A","N/A","-40 ~ 85","37","16, Quad","320","128","2, Quad","240","18*31*3.3","650","3250","NO","-","3.0 ~ 3.6"
"FALSE","82","ESP32-S2-WROVER-I-N4R2","ESP32-S2-WROVER-I","EOL","Module","IEEE 802.11b/g/n; 2.4 GHz; HT20/40; up to 150 Mbps","N/A","N/A","-40 ~ 85","37","4, Quad","320","128","2, Quad","240","18*31*3.3","650","3250","NO","-","3.0 ~ 3.6"
"FALSE","83","ESP32-S2-WROVER-I-N8R2","ESP32-S2-WROVER-I(8MB)","EOL","Module","IEEE 802.11b/g/n; 2.4 GHz; HT20/40; up to 150 Mbps","N/A","N/A","-40 ~ 85","37","8, Quad","320","128","2, Quad","240","18*31*3.3","650","3250","NO","-","3.0 ~ 3.6"
"FALSE","84","ESP32-S2-WROVER-I-N16R2","ESP32-S2-WROVER-I(16MB)","EOL","Module","IEEE 802.11b/g/n; 2.4 GHz; HT20/40; up to 150 Mbps","N/A","N/A","-40 ~ 85","37","16, Quad","320","128","2, Quad","240","18*31*3.3","650","3250","NO","-","3.0 ~ 3.6"
"FALSE","85","ESP32-WROOM-DA-N4","ESP32-WROOM-DA","EOL","Module","IEEE 802.11b/g/n; 2.4 GHz; HT20/40; up to 150 Mbps","BR/EDR + Bluetooth LE v4.2","N/A","-40 ~ 85","24","4, Quad","520","448","0, Quad","240","35.6*34.4*3.5","1000","1000","NO","v3.x","3.0 ~ 3.6"
"FALSE","86","ESP32-WROOM-DA-N8","ESP32-WROOM-DA","EOL","Module","IEEE 802.11b/g/n; 2.4 GHz; HT20/40; up to 150 Mbps","BR/EDR + Bluetooth LE v4.2","N/A","-40 ~ 85","24","8, Quad","520","448","0, Quad","240","35.6*34.4*3.5","1000","1000","NO","v3.x","3.0 ~ 3.6"
"FALSE","87","ESP32-WROOM-DA-N16","ESP32-WROOM-DA","EOL","Module","IEEE 802.11b/g/n; 2.4 GHz; HT20/40; up to 150 Mbps","BR/EDR + Bluetooth LE v4.2","N/A","-40 ~ 85","24","16, Quad","520","448","0, Quad","240","35.6*34.4*3.5","1000","1000","NO","v3.x","3.0 ~ 3.6"
"FALSE","88","ESP32-WROOM-32E-N4","ESP32-WROOM-32E","Mass Production","Module","IEEE 802.11b/g/n; 2.4 GHz; HT20/40; up to 150 Mbps","BR/EDR + Bluetooth LE v4.2","N/A","-40 ~ 85","26","4, Quad","520","448","0, Quad","240","18*25.5*3.1","650","3250","YES","v3.x","3.0 ~ 3.6"
"FALSE","89","ESP32-WROOM-32E-N8","ESP32-WROOM-32E(8MB)","Mass Production","Module","IEEE 802.11b/g/n; 2.4 GHz; HT20/40; up to 150 Mbps","BR/EDR + Bluetooth LE v4.2","N/A","-40 ~ 85","26","8, Quad","520","448","0, Quad","240","18*25.5*3.1","650","3250","NO","v3.x","3.0 ~ 3.6"
"FALSE","90","ESP32-WROOM-32E-N16","ESP32-WROOM-32E(16MB)","Mass Production","Module","IEEE 802.11b/g/n; 2.4 GHz; HT20/40; up to 150 Mbps","BR/EDR + Bluetooth LE v4.2","N/A","-40 ~ 85","26","16, Quad","520","448","0, Quad","240","18*25.5*3.1","650","3250","NO","v3.x","3.0 ~ 3.6"
"FALSE","91","ESP32-WROOM-32E-H4","ESP32-WROOM-32E_High Temp Version","Mass Production","Module","IEEE 802.11b/g/n; 2.4 GHz; HT20/40; up to 150 Mbps","BR/EDR + Bluetooth LE v4.2","N/A","-40 ~ 105","26","4, Quad","520","448","0, Quad","240","18*25.5*3.1","650","3250","YES","v3.x","3.0 ~ 3.6"
"FALSE","92","ESP32-WROOM-32UE-N4","ESP32-WROOM-32UE","Mass Production","Module","IEEE 802.11b/g/n; 2.4 GHz; HT20/40; up to 150 Mbps","BR/EDR + Bluetooth LE v4.2","N/A","-40 ~ 85","26","4, Quad","520","448","0, Quad","240","18*19.2*3.2","650","3250","YES","v3.x","3.0 ~ 3.6"
"FALSE","93","ESP32-WROOM-32UE-N8","ESP32-WROOM-32UE(8MB)","Mass Production","Module","IEEE 802.11b/g/n; 2.4 GHz; HT20/40; up to 150 Mbps","BR/EDR + Bluetooth LE v4.2","N/A","-40 ~ 85","26","8, Quad","520","448","0, Quad","240","18*19.2*3.2","650","3250","NO","v3.x","3.0 ~ 3.6"
"FALSE","94","ESP32-WROOM-32UE-N16","ESP32-WROOM-32UE(16MB)","Mass Production","Module","IEEE 802.11b/g/n; 2.4 GHz; HT20/40; up to 150 Mbps","BR/EDR + Bluetooth LE v4.2","N/A","-40 ~ 85","26","16, Quad","520","448","0, Quad","240","18*19.2*3.2","650","3250","NO","v3.x","3.0 ~ 3.6"
"FALSE","95","ESP32-WROOM-32UE-H4","ESP32-WROOM-32UE_High Temp Version","Mass Production","Module","IEEE 802.11b/g/n; 2.4 GHz; HT20/40; up to 150 Mbps","BR/EDR + Bluetooth LE v4.2","N/A","-40 ~ 105","26","4, Quad","520","448","0, Quad","240","18*19.2*3.2","650","3250","YES","v3.x","3.0 ~ 3.6"
"FALSE","96","ESP32-WROOM-32SE-N4","ESP32-WROOM-32SE","EOL","Module","IEEE 802.11b/g/n; 2.4 GHz; HT20/40; up to 150 Mbps","BR/EDR + Bluetooth LE v4.2","N/A","-40 ~ 85","26","4, Quad","520","448","0, Quad","240","18*25.5*3.1","650","3250","YES","v1.x","3.0 ~ 3.6"
"FALSE","97","ESP32-WROOM-32SE-N8","ESP32-WROOM-32SE(8MB)","EOL","Module","IEEE 802.11b/g/n; 2.4 GHz; HT20/40; up to 150 Mbps","BR/EDR + Bluetooth LE v4.2","N/A","-40 ~ 85","26","8, Quad","520","448","0, Quad","240","18*25.5*3.1","650","3250","YES","v1.x","3.0 ~ 3.6"
"FALSE","98","ESP32-WROOM-32SE-N16","ESP32-WROOM-32SE(16MB)","EOL","Module","IEEE 802.11b/g/n; 2.4 GHz; HT20/40; up to 150 Mbps","BR/EDR + Bluetooth LE v4.2","N/A","-40 ~ 85","26","16, Quad","520","448","0, Quad","240","18*25.5*3.1","650","3250","YES","v1.x","3.0 ~ 3.6"
"FALSE","99","ESP32-WROVER-E-N4R8","ESP32-WROVER-E","Mass Production","Module","IEEE 802.11b/g/n; 2.4 GHz; HT20/40; up to 150 Mbps","BR/EDR + Bluetooth LE v4.2","N/A","-40 ~ 85","24","4, Quad","520","448","8, Octal","240","18*31.4*3.3","650","3250","NO","v3.x","3.0 ~ 3.6"
"FALSE","100","ESP32-WROVER-E-N8R8","ESP32-WROVER-E(8MB)","Mass Production","Module","IEEE 802.11b/g/n; 2.4 GHz; HT20/40; up to 150 Mbps","BR/EDR + Bluetooth LE v4.2","N/A","-40 ~ 85","24","8, Quad","520","448","8, Octal","240","18*31.4*3.3","650","3250","NO","v3.x","3.0 ~ 3.6"
"FALSE","101","ESP32-WROVER-E-N16R8","ESP32-WROVER-E(16MB)","Mass Production","Module","IEEE 802.11b/g/n; 2.4 GHz; HT20/40; up to 150 Mbps","BR/EDR + Bluetooth LE v4.2","N/A","-40 ~ 85","24","16, Quad","520","448","8, Octal","240","18*31.4*3.3","650","3250","NO","v3.x","3.0 ~ 3.6"
"FALSE","102","ESP32-WROVER-IE-N4R8","ESP32-WROVER-IE","Mass Production","Module","IEEE 802.11b/g/n; 2.4 GHz; HT20/40; up to 150 Mbps","BR/EDR + Bluetooth LE v4.2","N/A","-40 ~ 85","24","4, Quad","520","448","8, Octal","240","18*31.4*3.3","650","3250","NO","v3.x","3.0 ~ 3.6"
"FALSE","103","ESP32-WROVER-IE-N8R8","ESP32-WROVER-IE(8MB)","Mass Production","Module","IEEE 802.11b/g/n; 2.4 GHz; HT20/40; up to 150 Mbps","BR/EDR + Bluetooth LE v4.2","N/A","-40 ~ 85","24","8, Quad","520","448","8, Octal","240","18*31.4*3.3","650","3250","NO","v3.x","3.0 ~ 3.6"
"FALSE","104","ESP32-WROVER-IE-N16R8","ESP32-WROVER-IE(16MB)","Mass Production","Module","IEEE 802.11b/g/n; 2.4 GHz; HT20/40; up to 150 Mbps","BR/EDR + Bluetooth LE v4.2","N/A","-40 ~ 85","24","16, Quad","520","448","8, Octal","240","18*31.4*3.3","650","3250","NO","v3.x","3.0 ~ 3.6"
"FALSE","105","ESP32-MINI-1-N4","ESP32-MINI-1","Mass Production","Module","IEEE 802.11b/g/n; 2.4 GHz; HT20/40; up to 150 Mbps","BR/EDR + Bluetooth LE v4.2","N/A","-40 ~ 85","28","4, Quad","520","448","0, Quad","240","13.2*19*2.4","650","3250","YES","v3.x","3.0 ~ 3.6"
"FALSE","106","ESP32-MINI-1-H4","ESP32-MINI-1_High Temp Version","Mass Production","Module","IEEE 802.11b/g/n; 2.4 GHz; HT20/40; up to 150 Mbps","BR/EDR + Bluetooth LE v4.2","N/A","-40 ~ 105","28","4, Quad","520","448","0, Quad","240","13.2*19*2.4","650","3250","YES","v3.x","3.0 ~ 3.6"
"FALSE","107","ESP32-MINI-1U-N4","ESP32-MINI-1U","Mass Production","Module","IEEE 802.11b/g/n; 2.4 GHz; HT20/40; up to 150 Mbps","BR/EDR + Bluetooth LE v4.2","N/A","-40 ~ 85","28","4, Quad","520","448","0, Quad","240","13.2*13.5*2.4","650","3250","YES","v3.x","3.0 ~ 3.6"
"FALSE","108","ESP32-MINI-1U-H4","ESP32-MINI-1U_High Temp Version","Mass Production","Module","IEEE 802.11b/g/n; 2.4 GHz; HT20/40; up to 150 Mbps","BR/EDR + Bluetooth LE v4.2","N/A","-40 ~ 105","28","4, Quad","520","448","0, Quad","240","13.2*13.5*2.4","650","3250","YES","v3.x","3.0 ~ 3.6"
"FALSE","109","ESP32-PICO-V3-ZERO","ESP32-PICO-V3-ZERO Alexa Connect Kit (ACK)","Mass Production","Module","IEEE 802.11b/g/n; 2.4 GHz; HT20/40; up to 150 Mbps","BR/EDR + Bluetooth LE v4.2","N/A","-40 ~ 85","0","4, Quad","520","448","0, Quad","240","16*23*2.3","650","3250","YES","v3.x","3.0 ~ 3.6"
"FALSE","110","ESP32-PICO-MINI-02-N8R2","ESP32-PICO-MINI-02","Mass Production","Module","IEEE 802.11b/g/n; 2.4 GHz; HT20/40; up to 150 Mbps","BR/EDR + Bluetooth LE v4.2","N/A","-40 ~ 85","27","8, Quad","520","448","2, Quad","240","13.2*16.6 *2.4","650","3250","NO","v3.x","3.0 ~ 3.6"
"FALSE","111","ESP32-PICO-MINI-02U-N8R2","ESP32-PICO-MINI-02U","Mass Production","Module","IEEE 802.11b/g/n; 2.4 GHz; HT20/40; up to 150 Mbps","BR/EDR + Bluetooth LE v4.2","N/A","-40 ~ 85","27","8, Quad","520","448","2, Quad","240","13.2*11.2*2.4","650","3250","NO","v3.x","3.0 ~ 3.6"
"FALSE","112","ESP32-SOLO-1-N4","ESP32-SOLO-1","NRND","Module","IEEE 802.11b/g/n; 2.4 GHz; HT20/40; up to 150 Mbps","BR/EDR + Bluetooth LE v4.2","N/A","-40 ~ 85","26","4, Quad","520","448","0, Quad","160","18*25.5*3.1","650","3250","YES","v1.x","3.0 ~ 3.6"
"FALSE","113","ESP32-SOLO-1-H4","ESP32-SOLO-1_High Temp Version","NRND","Module","IEEE 802.11b/g/n; 2.4 GHz; HT20/40; up to 150 Mbps","BR/EDR + Bluetooth LE v4.2","N/A","-40 ~ 105","26","4, Quad","520","448","0, Quad","160","18*25.5*3.1","650","3250","YES","v1.x","3.0 ~ 3.6"
"FALSE","114","ESP32-DU1906-N8R8","ESP32-DU1906","EOL","Module","IEEE 802.11b/g/n; 2.4 GHz; HT20/40; up to 150 Mbps","BR/EDR + Bluetooth LE v4.2","N/A","-20 ~ 85","0","8, Quad","520","448","8, Octal","240","22*42*3.5","650","3250","NO","v3.x","3.1 ~ 3.5"
"FALSE","115","ESP32-DU1906-N16R8","ESP32-DU1906(16MB)","EOL","Module","IEEE 802.11b/g/n; 2.4 GHz; HT20/40; up to 150 Mbps","BR/EDR + Bluetooth LE v4.2","N/A","-20 ~ 85","0","16, Quad","520","448","8, Octal","240","22*42*3.5","650","3250","NO","v3.x","3.1 ~ 3.5"
"FALSE","116","ESP32-DU1906-U-N8R8","ESP32-DU1906-U","EOL","Module","IEEE 802.11b/g/n; 2.4 GHz; HT20/40; up to 150 Mbps","BR/EDR + Bluetooth LE v4.2","N/A","-20 ~ 85","0","8, Quad","520","448","8, Octal","240","22*35.5*3.5","650","3250","NO","v3.x","3.1 ~ 3.5"
"FALSE","117","ESP32-DU1906-U-N16R8","ESP32-DU1906-U(16MB)","EOL","Module","IEEE 802.11b/g/n; 2.4 GHz; HT20/40; up to 150 Mbps","BR/EDR + Bluetooth LE v4.2","N/A","-20 ~ 85","0","16, Quad","520","448","8, Octal","240","22*35.5*3.5","650","3250","NO","v3.x","3.1 ~ 3.5"
"FALSE","118","ESP32-WROOM-32D-N4","ESP32-WROOM-32D","NRND","Module","IEEE 802.11b/g/n; 2.4 GHz; HT20/40; up to 150 Mbps","BR/EDR + Bluetooth LE v4.2","N/A","-40 ~ 85","26","4, Quad","520","448","0, Quad","240","18*25.5*3.1","650","3250","YES","v1.x","3.0 ~ 3.6"
"FALSE","119","ESP32-WROOM-32D-N8","ESP32-WROOM-32D(8MB)","NRND","Module","IEEE 802.11b/g/n; 2.4 GHz; HT20/40; up to 150 Mbps","BR/EDR + Bluetooth LE v4.2","N/A","-40 ~ 85","26","8, Quad","520","448","0, Quad","240","18*25.5*3.1","650","3250","NO","v1.x","3.0 ~ 3.6"
"FALSE","120","ESP32-WROOM-32D-N16","ESP32-WROOM-32D(16MB)","NRND","Module","IEEE 802.11b/g/n; 2.4 GHz; HT20/40; up to 150 Mbps","BR/EDR + Bluetooth LE v4.2","N/A","-40 ~ 85","26","16, Quad","520","448","0, Quad","240","18*25.5*3.1","650","3250","NO","v1.x","3.0 ~ 3.6"
"FALSE","121","ESP32-WROOM-32D-H4","ESP32-WROOM-32D_High Temp Version","EOL","Module","IEEE 802.11b/g/n; 2.4 GHz; HT20/40; up to 150 Mbps","BR/EDR + Bluetooth LE v4.2","N/A","-40 ~ 105","26","4, Quad","520","448","0, Quad","240","18*25.5*3.1","650","3250","YES","v1.x","3.0 ~ 3.6"
"FALSE","122","ESP32-WROOM-32U-N4","ESP32-WROOM-32U","NRND","Module","IEEE 802.11b/g/n; 2.4 GHz; HT20/40; up to 150 Mbps","BR/EDR + Bluetooth LE v4.2","N/A","-40 ~ 85","26","4, Quad","520","448","0, Quad","240","18*19.2*3.2","650","3250","YES","v1.x","3.0 ~ 3.6"
"FALSE","123","ESP32-WROOM-32U-N8","ESP32-WROOM-32U(8MB)","NRND","Module","IEEE 802.11b/g/n; 2.4 GHz; HT20/40; up to 150 Mbps","BR/EDR + Bluetooth LE v4.2","N/A","-40 ~ 85","26","8, Quad","520","448","0, Quad","240","18*19.2*3.2","650","3250","NO","v1.x","3.0 ~ 3.6"
"FALSE","124","ESP32-WROOM-32U-N16","ESP32-WROOM-32U(16MB)","NRND","Module","IEEE 802.11b/g/n; 2.4 GHz; HT20/40; up to 150 Mbps","BR/EDR + Bluetooth LE v4.2","N/A","-40 ~ 85","26","16, Quad","520","448","0, Quad","240","18*19.2*3.2","650","3250","NO","v1.x","3.0 ~ 3.6"
"FALSE","125","ESP32-WROOM-32U-H4","ESP32-WROOM-32U_High Temp Version","EOL","Module","IEEE 802.11b/g/n; 2.4 GHz; HT20/40; up to 150 Mbps","BR/EDR + Bluetooth LE v4.2","N/A","-40 ~ 105","26","4, Quad","520","448","0, Quad","240","18*19.2*3.2","650","3250","YES","v1.x","3.0 ~ 3.6"
"FALSE","126","ESP32-WROOM-32-N4","ESP32-WROOM-32","NRND","Module","IEEE 802.11b/g/n; 2.4 GHz; HT20/40; up to 150 Mbps","BR/EDR + Bluetooth LE v4.2","N/A","-40 ~ 85","26","4, Quad","520","448","0, Quad","240","18*25.5*3.1","550","2750","YES","v1.x","3.0 ~ 3.6"
"FALSE","127","ESP32-WROVER-B-N4R8","ESP32-WROVER-B","NRND","Module","IEEE 802.11b/g/n; 2.4 GHz; HT20/40; up to 150 Mbps","BR/EDR + Bluetooth LE v4.2","N/A","-40 ~ 85","24","4, Quad","520","448","8, Octal","240","18*31.4*3.3","650","3250","NO","v1.x","3.0 ~ 3.6"
"FALSE","128","ESP32-WROVER-B-N8R8","ESP32-WROVER-B(8MB)","NRND","Module","IEEE 802.11b/g/n; 2.4 GHz; HT20/40; up to 150 Mbps","BR/EDR + Bluetooth LE v4.2","N/A","-40 ~ 85","24","8, Quad","520","448","8, Octal","240","18*31.4*3.3","650","3250","NO","v1.x","3.0 ~ 3.6"
"FALSE","129","ESP32-WROVER-B-N16R8","ESP32-WROVER-B(16MB)","NRND","Module","IEEE 802.11b/g/n; 2.4 GHz; HT20/40; up to 150 Mbps","BR/EDR + Bluetooth LE v4.2","N/A","-40 ~ 85","24","16, Quad","520","448","8, Octal","240","18*31.4*3.3","650","3250","NO","v1.x","3.0 ~ 3.6"
"FALSE","130","ESP32-WROVER-IB-N4R8","ESP32-WROVER-IB","NRND","Module","IEEE 802.11b/g/n; 2.4 GHz; HT20/40; up to 150 Mbps","BR/EDR + Bluetooth LE v4.2","N/A","-40 ~ 85","24","4, Quad","520","448","8, Octal","240","18*31.4*3.3","650","3250","NO","v1.x","3.0 ~ 3.6"
"FALSE","131","ESP32-WROVER-IB-N8R8","ESP32-WROVER-IB(8MB)","NRND","Module","IEEE 802.11b/g/n; 2.4 GHz; HT20/40; up to 150 Mbps","BR/EDR + Bluetooth LE v4.2","N/A","-40 ~ 85","24","8, Quad","520","448","8, Octal","240","18*31.4*3.3","650","3250","NO","v1.x","3.0 ~ 3.6"
"FALSE","132","ESP32-WROVER-IB-N16R8","ESP32-WROVER-IB(16MB)","NRND","Module","IEEE 802.11b/g/n; 2.4 GHz; HT20/40; up to 150 Mbps","BR/EDR + Bluetooth LE v4.2","N/A","-40 ~ 85","24","16, Quad","520","448","8, Octal","240","18*31.4*3.3","650","3250","NO","v1.x","3.0 ~ 3.6"
"FALSE","133","ESP32-WROVER-N4R8","ESP32-WROVER","EOL","Module","IEEE 802.11b/g/n; 2.4 GHz; HT20/40; up to 150 Mbps","BR/EDR + Bluetooth LE v4.2","N/A","-40 ~ 85","24","4, Quad","520","448","8, Octal","240","18*31.4*3.3","650","3250","NO","v1.x","2.3 ~ 3.6"
"FALSE","134","ESP32-WROVER-I-N4R8","ESP32-WROVER-I","EOL","Module","IEEE 802.11b/g/n; 2.4 GHz; HT20/40; up to 150 Mbps","BR/EDR + Bluetooth LE v4.2","N/A","-40 ~ 85","24","4, Quad","520","448","8, Octal","240","18*31.4*3.3","650","3250","NO","v1.x","2.3 ~ 3.6"
"FALSE","135","ESP-WROOM-02D-N2","ESP-WROOM-02D","NRND","Module","IEEE 802.11b/g/n; 2.4 GHz; HT20; up to 75 Mbps","N/A","N/A","-40 ~ 85","11","2, Quad","160","0","0, Quad","160","18*20*3.2","650","3250","YES","-","2.7 ~ 3.6"
"FALSE","136","ESP-WROOM-02D-N4","ESP-WROOM-02D(4MB)","NRND","Module","IEEE 802.11b/g/n; 2.4 GHz; HT20; up to 75 Mbps","N/A","N/A","-40 ~ 85","11","4, Quad","160","0","0, Quad","160","18*20*3.2","650","3250","YES","-","2.7 ~ 3.6"
"FALSE","137","ESP-WROOM-02D-H2","ESP-WROOM-02D_High Temp Version","NRND","Module","IEEE 802.11b/g/n; 2.4 GHz; HT20; up to 75 Mbps","N/A","N/A","-40 ~ 105","11","2, Quad","160","0","0, Quad","160","18*20*3.2","650","3250","YES","-","2.7 ~ 3.6"
"FALSE","138","ESP-WROOM-02U-N2","ESP-WROOM-02U","NRND","Module","IEEE 802.11b/g/n; 2.4 GHz; HT20; up to 75 Mbps","N/A","N/A","-40 ~ 85","11","2, Quad","160","0","0, Quad","160","18*14.3*3.2","650","3250","YES","-","2.7 ~ 3.6"
"FALSE","139","ESP-WROOM-02U-N4","ESP-WROOM-02U(4MB)","NRND","Module","IEEE 802.11b/g/n; 2.4 GHz; HT20; up to 75 Mbps","N/A","N/A","-40 ~ 85","11","4, Quad","160","0","0, Quad","160","18*14.3*3.2","650","3250","YES","-","2.7 ~ 3.6"
"FALSE","140","ESP-WROOM-02U-H2","ESP-WROOM-02U_High Temp Version","EOL","Module","IEEE 802.11b/g/n; 2.4 GHz; HT20; up to 75 Mbps","N/A","N/A","-40 ~ 105","11","2, Quad","160","0","0, Quad","160","18*14.3*3.2","650","3250","YES","-","2.7 ~ 3.6"
"FALSE","141","ESP-WROOM-02-N2","ESP-WROOM-02","NRND","Module","IEEE 802.11b/g/n; 2.4 GHz; HT20; up to 75 Mbps","N/A","N/A","-40 ~ 85","11","2, Quad","160","0","0, Quad","160","18*20*3","650","3250","YES","-","2.7 ~ 3.6"
"FALSE","142","ESP-WROOM-S2-N2","ESP-WROOM-S2","EOL","Module","IEEE 802.11b/g/n; 2.4 GHz; HT20; up to 75 Mbps","N/A","N/A","-40 ~ 85","9","2, Quad","160","0","0, Quad","160","16*23*3","650","3250","NO","-","2.7 ~ 3.6"
"FALSE","143","ESP32-S3-WROOM-2-N16R8V","ESP32-S3-WROOM-2","EOL","Module","IEEE 802.11b/g/n; 2.4 GHz; HT20/40; up to 150 Mbps","Bluetooth LE v5.0","N/A","-40 ~ 65","33","16, Octal","512","384","8, Octal","240","18*25.5*3.1","650","3250","NO","v0.x","3.0 ~ 3.6"
"FALSE","144","ESP32-S3-WROOM-2-N32R8V","ESP32-S3-WROOM-2","EOL","Module","IEEE 802.11b/g/n; 2.4 GHz; HT20/40; up to 150 Mbps","Bluetooth LE v5.0","N/A","-40 ~ 65","33","32, Octal","512","384","8, Octal","240","18*25.5*3.1","650","3250","NO","v0.x","3.0 ~ 3.6"
"FALSE","145","ESP32-S3-WROOM-2-N32R16V","ESP32-S3-WROOM-2","Mass Production","Module","IEEE 802.11b/g/n; 2.4 GHz; HT20/40; up to 150 Mbps","Bluetooth LE v5.0","N/A","-40 ~ 65","33","32, Octal","512","384","16, Octal","240","18*25.5*3.1","650","3250","NO","v0.x","3.0 ~ 3.6"
"FALSE","146","ESP32-S3FH4R2","ESP32-S3","Mass Production","SoC","IEEE 802.11b/g/n; 2.4 GHz; HT20/40; up to 150 Mbps","Bluetooth LE v5.0","N/A","-40 ~ 85","45","4, Quad","512","384","2, Quad","240","QFN56(7*7)","2000","2000","NO","v0.x","3.0 ~ 3.6"
"FALSE","147","ESP32-S3-WROOM-1U-N4","ESP32-S3-WROOM-1U","Mass Production","Module","IEEE 802.11b/g/n; 2.4 GHz; HT20/40; up to 150 Mbps","Bluetooth LE v5.0","N/A","-40 ~ 85","36","4, Quad","512","384","0, Quad","240","18*25.5*3.2","650","3250","NO","v0.x","3.0 ~ 3.6"
"FALSE","148","ESP32-S3-WROOM-1U-N8","ESP32-S3-WROOM-1U","Mass Production","Module","IEEE 802.11b/g/n; 2.4 GHz; HT20/40; up to 150 Mbps","Bluetooth LE v5.0","N/A","-40 ~ 85","36","8, Quad","512","384","0, Quad","240","18*25.5*3.2","650","3250","NO","v0.x","3.0 ~ 3.6"
"FALSE","149","ESP32-S3-WROOM-1U-N16","ESP32-S3-WROOM-1U","Mass Production","Module","IEEE 802.11b/g/n; 2.4 GHz; HT20/40; up to 150 Mbps","Bluetooth LE v5.0","N/A","-40 ~ 85","36","16, Quad","512","384","0, Quad","240","18*25.5*3.2","650","3250","NO","v0.x","3.0 ~ 3.6"
"FALSE","150","ESP32-S3-WROOM-1U-N4R8","ESP32-S3-WROOM-1U","Mass Production","Module","IEEE 802.11b/g/n; 2.4 GHz; HT20/40; up to 150 Mbps","Bluetooth LE v5.0","N/A","-40 ~ 65","33","4, Quad","512","384","8, Octal","240","18*25.5*3.2","650","3250","NO","v0.x","3.0 ~ 3.6"
"FALSE","151","ESP32-S3-WROOM-1U-N8R8","ESP32-S3-WROOM-1U","Mass Production","Module","IEEE 802.11b/g/n; 2.4 GHz; HT20/40; up to 150 Mbps","Bluetooth LE v5.0","N/A","-40 ~ 65","33","8, Quad","512","384","8, Octal","240","18*25.5*3.2","650","3250","NO","v0.x","3.0 ~ 3.6"
"FALSE","152","ESP32-S3-WROOM-1U-N16R8","ESP32-S3-WROOM-1U","Mass Production","Module","IEEE 802.11b/g/n; 2.4 GHz; HT20/40; up to 150 Mbps","Bluetooth LE v5.0","N/A","-40 ~ 65","33","16, Quad","512","384","8, Octal","240","18*25.5*3.2","650","3250","NO","v0.x","3.0 ~ 3.6"
"FALSE","153","ESP32-S3-WROOM-1U-N4R2","ESP32-S3-WROOM-1U","Mass Production","Module","IEEE 802.11b/g/n; 2.4 GHz; HT20/40; up to 150 Mbps","Bluetooth LE v5.0","N/A","-40 ~ 85","36","4, Quad","512","384","2, Quad","240","18*25.5*3.2","650","3250","NO","v0.x","3.0 ~ 3.6"
"FALSE","154","ESP32-S3-WROOM-1U-N8R2","ESP32-S3-WROOM-1U","Mass Production","Module","IEEE 802.11b/g/n; 2.4 GHz; HT20/40; up to 150 Mbps","Bluetooth LE v5.0","N/A","-40 ~ 85","36","8, Quad","512","384","2, Quad","240","18*25.5*3.2","650","3250","NO","v0.x","3.0 ~ 3.6"
"FALSE","155","ESP32-S3-WROOM-1U-N16R2","ESP32-S3-WROOM-1U","Mass Production","Module","IEEE 802.11b/g/n; 2.4 GHz; HT20/40; up to 150 Mbps","Bluetooth LE v5.0","N/A","-40 ~ 85","36","16, Quad","512","384","2, Quad","240","18*25.5*3.2","650","3250","NO","v0.x","3.0 ~ 3.6"
"FALSE","156","ESP32-S3-MINI-1U-N8","ESP32-S3-MINI-1U","Mass Production","Module","IEEE 802.11b/g/n; 2.4 GHz; HT20/40; up to 150 Mbps","Bluetooth LE v5.0","N/A","-40 ~ 85","39","8, Quad","512","384","0, Quad","240","15.4*20.5*2.4","650","3250","NO","v0.x","3.0 ~ 3.6"
"FALSE","157","ESP32-S3-MINI-1U-N4R2","ESP32-S3-MINI-1U","Mass Production","Module","IEEE 802.11b/g/n; 2.4 GHz; HT20/40; up to 150 Mbps","Bluetooth LE v5.0","N/A","-40 ~ 85","39","4, Quad","512","382","2, Quad","240","15.4*20.5*2.4","650","3250","NO","v0.x","3.0 ~ 3.6"
"FALSE","158","ESP32-S2-MINI-2-N4","ESP32-S2-MINI-2","Mass Production","Module","IEEE 802.11b/g/n; 2.4 GHz; HT20/40; up to 150 Mbps","N/A","N/A","-40 ~ 85","37","4, Quad","320","128","0, Quad","240","15.4 * 20.5 *2.4","650","3250","NO","v1.x","3.0 ~ 3.6"
"FALSE","159","ESP32-S2-MINI-2U-N4","ESP32-S2-MINI-2U","Mass Production","Module","IEEE 802.11b/g/n; 2.4 GHz; HT20/40; up to 150 Mbps","N/A","N/A","-40 ~ 85","37","4, Quad","320","128","0, Quad","240","15.4 * 15.4 *2.4","650","3250","NO","v1.x","3.0 ~ 3.6"
"FALSE","160","ESP32-S2-MINI-2-H4","ESP32-S2-MINI-2_High Temp Version","Mass Production","Module","IEEE 802.11b/g/n; 2.4 GHz; HT20/40; up to 150 Mbps","N/A","N/A","-40 ~ 105","37","4, Quad","320","128","0, Quad","240","15.4 * 20.5 *2.4","650","3250","NO","v1.x","3.0 ~ 3.6"
"FALSE","161","ESP32-S2-MINI-2U-H4","ESP32-S2-MINI-2U_High Temp Version","Mass Production","Module","IEEE 802.11b/g/n; 2.4 GHz; HT20/40; up to 150 Mbps","N/A","N/A","-40 ~ 105","37","4, Quad","320","128","0, Quad","240","15.4*15.4*2.4","650","3250","NO","v1.x","3.0 ~ 3.6"
"FALSE","162","ESP32-S2-MINI-2-N4R2","ESP32-S2-MINI-2(integrates PSRAM)","Mass Production","Module","IEEE 802.11b/g/n; 2.4 GHz; HT20/40; up to 150 Mbps","N/A","N/A","-40 ~ 85","37","4, Quad","320","128","2, Quad","240","15.4*20.5*2.4","650","3250","NO","v1.x","3.0 ~ 3.6"
"FALSE","163","ESP32-S2-MINI-2U-N4R2","ESP32-S2-MINI-2U(integrates PSRAM)","Mass Production","Module","IEEE 802.11b/g/n; 2.4 GHz; HT20/40; up to 150 Mbps","N/A","N/A","-40 ~ 85","37","4, Quad","320","128","2, Quad","240","15.4*15.4*2.4","650","3250","NO","v1.x","3.0 ~ 3.6"
"FALSE","164","ESP32-S2-SOLO-2-N4","ESP32-S2-SOLO-2","Mass Production","Module","IEEE 802.11b/g/n; 2.4 GHz; HT20/40; up to 150 Mbps","N/A","N/A","-40 ~ 85","36","4, Quad","320","128","0, Quad","240","18*25.5*3.1","650","3250","NO","v1.x","3.0 ~ 3.6"
"FALSE","165","ESP32-S2-SOLO-2U-N4","ESP32-S2-SOLO-2U","Mass Production","Module","IEEE 802.11b/g/n; 2.4 GHz; HT20/40; up to 150 Mbps","N/A","N/A","-40 ~ 85","36","4, Quad","320","128","0, Quad","240","18*19.2*3.2","650","3250","NO","v1.x","3.0 ~ 3.6"
"FALSE","166","ESP32-S2-SOLO-2-H4","ESP32-S2-SOLO-2_High Temp Version","Mass Production","Module","IEEE 802.11b/g/n; 2.4 GHz; HT20/40; up to 150 Mbps","N/A","N/A","-40 ~ 105","36","4, Quad","320","128","0, Quad","240","18*25.5*3.1","650","3250","NO","v1.x","3.0 ~ 3.6"
"FALSE","167","ESP32-S2-SOLO-2-N4R2","ESP32-S2-SOLO-2(integrates PSRAM)","Mass Production","Module","IEEE 802.11b/g/n; 2.4 GHz; HT20/40; up to 150 Mbps","N/A","N/A","-40 ~ 85","36","4, Quad","320","128","2, Quad","240","18*25.5*3.1","650","3250","NO","v1.x","3.0 ~ 3.6"
"FALSE","168","ESP32-S2-SOLO-2U-N4R2","ESP32-S2-SOLO-2U(integrates PSRAM)","Mass Production","Module","IEEE 802.11b/g/n; 2.4 GHz; HT20/40; up to 150 Mbps","N/A","N/A","-40 ~ 85","36","4, Quad","320","128","2, Quad","240","18*19.2*3.2","650","3250","NO","v1.x","3.0 ~ 3.6"
"FALSE","169","ESP8685-WROOM-03-H2","ESP8685-WROOM-03","EOL","Module","IEEE 802.11b/g/n; 2.4 GHz; HT20/40; up to 150 Mbps","Bluetooth LE v5.0","N/A","-40 ~ 105","15","2, Quad","400","384","0, Quad","160","15.0*17.3*2.8","650","3250","NO","v0.x","3.0 ~ 3.6"
"FALSE","170","ESP8685-WROOM-05-H2","ESP8685-WROOM-05","EOL","Module","IEEE 802.11b/g/n; 2.4 GHz; HT20/40; up to 150 Mbps","Bluetooth LE v5.0","N/A","-40 ~ 105","15","2, Quad","400","384","0, Quad","160","15.0*17.3*2.8","650","3250","NO","v0.x","3.0 ~ 3.6"
"FALSE","171","ESP8685-WROOM-06-H2","ESP8685-WROOM-06","EOL","Module","IEEE 802.11b/g/n; 2.4 GHz; HT20/40; up to 150 Mbps","Bluetooth LE v5.0","N/A","-40 ~ 105","15","2, Quad","400","384","0, Quad","160","15.8*20.3*2.7","650","3250","NO","v0.x","3.0 ~ 3.6"
"FALSE","172","ESP8685H4","ESP8685","Mass Production","SoC","IEEE 802.11b/g/n; 2.4 GHz; HT20/40; up to 150 Mbps","Bluetooth LE v5.0","N/A","-40 ~ 105","15","4, Quad","400","384","0, Quad","160","QFN28(4*4)","5000","5000","NO","v0.x","3.0 ~ 3.6"
"FALSE","173","ESP8684H2","ESP8684","Mass Production","SoC","IEEE 802.11b/g/n; 2.4 GHz; HT20; up to 72 Mbps","Bluetooth LE v5.3","N/A","-40 ~ 105","14","2, Quad","272","576","0, Quad","120","QFN24(4*4)","5000","5000","NO","v1.x","3.0 ~ 3.6"
"FALSE","174","ESP8684H2X","ESP8684","Mass Production","SoC","IEEE 802.11b/g/n; 2.4 GHz; HT20; up to 72 Mbps","Bluetooth LE v5.3","N/A","-40 ~ 105","14","2, Quad","272","576","0, Quad","120","QFN24(4*4)","5000","5000","NO","v2.x","3.0 ~ 3.6"
"FALSE","175","ESP8684H4","ESP8684","Mass Production","SoC","IEEE 802.11b/g/n; 2.4 GHz; HT20; up to 72 Mbps","Bluetooth LE v5.3","N/A","-40 ~ 105","14","4, Quad","272","576","0, Quad","120","QFN24(4*4)","5000","5000","NO","v1.x","3.0 ~ 3.6"
"FALSE","176","ESP8684H4X","ESP8684","Mass Production","SoC","IEEE 802.11b/g/n; 2.4 GHz; HT20; up to 72 Mbps","Bluetooth LE v5.3","N/A","-40 ~ 105","14","4, Quad","272","576","0, Quad","120","QFN24(4*4)","5000","5000","NO","v2.x","3.0 ~ 3.6"
"FALSE","177","ESP8685-WROOM-03-H4","ESP8685-WROOM-03","Mass Production","Module","IEEE 802.11b/g/n; 2.4 GHz; HT20/40; up to 150 Mbps","Bluetooth LE v5.0","N/A","-40 ~ 105","15","4, Quad","400","384","0, Quad","160","15.0*17.3*2.8","650","3250","NO","v0.x","3.0 ~ 3.6"
"FALSE","178","ESP8685-WROOM-05-H4","ESP8685-WROOM-05","Mass Production","Module","IEEE 802.11b/g/n; 2.4 GHz; HT20/40; up to 150 Mbps","Bluetooth LE v5.0","N/A","-40 ~ 105","15","4, Quad","400","384","0, Quad","160","15.0*17.3*2.8","650","3250","NO","v0.x","3.0 ~ 3.6"
"FALSE","179","ESP8685-WROOM-06-H4","ESP8685-WROOM-06","Mass Production","Module","IEEE 802.11b/g/n; 2.4 GHz; HT20/40; up to 150 Mbps","Bluetooth LE v5.0","N/A","-40 ~ 105","15","4, Quad","400","384","0, Quad","160","15.8*20.3*2.7","650","3250","NO","v0.x","3.0 ~ 3.6"
"FALSE","180","ESP8685-WROOM-07-H2","ESP8685-WROOM-07","EOL","Module","IEEE 802.11b/g/n; 2.4 GHz; HT20/40; up to 150 Mbps","Bluetooth LE v5.0","N/A","-40 ~ 105","15","2, Quad","400","384","0, Quad","160","8.5*12.7*2.6","650","3250","NO","v0.x","3.0 ~ 3.6"
"FALSE","181","ESP8685-WROOM-07-H4","ESP8685-WROOM-07","Mass Production","Module","IEEE 802.11b/g/n; 2.4 GHz; HT20/40; up to 150 Mbps","Bluetooth LE v5.0","N/A","-40 ~ 105","15","4, Quad","400","384","0, Quad","160","8.5*12.7*2.6","1200","4800","NO","v0.x","3.0 ~ 3.6"
"FALSE","182","ESP8684-MINI-1-H2","ESP8684-MINI-1","Mass Production","Module","IEEE 802.11b/g/n; 2.4 GHz; HT20; up to 72 Mbps","Bluetooth LE v5.3","N/A","-40 ~ 105","14","2, Quad","272","576","0, Quad","120","13.2*16.6*2.4","650","3250","NO","v1.x","3.0 ~ 3.6"
"FALSE","183","ESP8684-MINI-1-H2X","ESP8684-MINI-1","Mass Production","Module","IEEE 802.11b/g/n; 2.4 GHz; HT20; up to 72 Mbps","Bluetooth LE v5.3","N/A","-40 ~ 105","14","2, Quad","272","576","0, Quad","120","13.2*16.6*2.4","650","3250","NO","v2.x","3.0 ~ 3.6"
"FALSE","184","ESP8684-MINI-1-H4","ESP8684-MINI-1","Mass Production","Module","IEEE 802.11b/g/n; 2.4 GHz; HT20; up to 72 Mbps","Bluetooth LE v5.3","N/A","-40 ~ 105","14","4, Quad","272","576","0, Quad","120","13.2*16.6*2.4","650","3250","NO","v1.x","3.0 ~ 3.6"
"FALSE","185","ESP8684-MINI-1-H4X","ESP8684-MINI-1","Mass Production","Module","IEEE 802.11b/g/n; 2.4 GHz; HT20; up to 72 Mbps","Bluetooth LE v5.3","N/A","-40 ~ 105","14","4, Quad","272","576","0, Quad","120","13.2*16.6*2.4","650","3250","NO","v2.x","3.0 ~ 3.6"
"FALSE","186","ESP8684-WROOM-03-H2","ESP8684-WROOM-03","Mass Production","Module","IEEE 802.11b/g/n; 2.4 GHz; HT20; up to 72 Mbps","Bluetooth LE v5.3","N/A","-40 ~ 105","8","2, Quad","272","576","0, Quad","120","15.0*17.3*2.8","650","3250","NO","v1.x","3.0 ~ 3.6"
"FALSE","187","ESP8684-WROOM-03-H2X","ESP8684-WROOM-03","Mass Production","Module","IEEE 802.11b/g/n; 2.4 GHz; HT20; up to 72 Mbps","Bluetooth LE v5.3","N/A","-40 ~ 105","8","2, Quad","272","576","0, Quad","120","15.0*17.3*2.8","650","3250","NO","v2.x","3.0 ~ 3.6"
"FALSE","188","ESP8684-WROOM-03-H4","ESP8684-WROOM-03","Mass Production","Module","IEEE 802.11b/g/n; 2.4 GHz; HT20; up to 72 Mbps","Bluetooth LE v5.3","N/A","-40 ~ 105","8","4, Quad","272","576","0, Quad","120","15.0*17.3*2.8","650","3250","NO","v1.x","3.0 ~ 3.6"
"FALSE","189","ESP8684-WROOM-03-H4X","ESP8684-WROOM-03","Mass Production","Module","IEEE 802.11b/g/n; 2.4 GHz; HT20; up to 72 Mbps","Bluetooth LE v5.3","N/A","-40 ~ 105","8","4, Quad","272","576","0, Quad","120","15.0*17.3*2.8","650","3250","NO","v2.x","3.0 ~ 3.6"
"FALSE","190","ESP8684-WROOM-05-H2","ESP8684-WROOM-05","Mass Production","Module","IEEE 802.11b/g/n; 2.4 GHz; HT20; up to 72 Mbps","Bluetooth LE v5.3","N/A","-40 ~ 105","5","2, Quad","272","576","0, Quad","120","15.0*17.3*2.8","650","3250","NO","v1.x","3.0 ~ 3.6"
"FALSE","191","ESP8684-WROOM-05-H2X","ESP8684-WROOM-05","Mass Production","Module","IEEE 802.11b/g/n; 2.4 GHz; HT20; up to 72 Mbps","Bluetooth LE v5.3","N/A","-40 ~ 105","5","2, Quad","272","576","0, Quad","120","15.0*17.3*2.8","650","3250","NO","v2.x","3.0 ~ 3.6"
"FALSE","192","ESP8684-WROOM-05-H4","ESP8684-WROOM-05","Mass Production","Module","IEEE 802.11b/g/n; 2.4 GHz; HT20; up to 150 Mbps","Bluetooth LE v5.3","N/A","-40 ~ 105","5","4, Quad","272","576","0, Quad","120","15.0*17.3*2.8","650","3250","NO","v1.x","3.0 ~ 3.6"
"FALSE","193","ESP8684-WROOM-05-H4X","ESP8684-WROOM-05","Mass Production","Module","IEEE 802.11b/g/n; 2.4 GHz; HT20; up to 150 Mbps","Bluetooth LE v5.3","N/A","-40 ~ 105","5","4, Quad","272","576","0, Quad","120","15.0*17.3*2.8","650","3250","NO","v2.x","3.0 ~ 3.6"
"FALSE","194","ESP8684-WROOM-06C-H2","ESP8684-WROOM-06C","Mass Production","Module","IEEE 802.11b/g/n; 2.4 GHz; HT20; up to 72 Mbps","Bluetooth LE v5.3","N/A","-40 ~ 105","14","2, Quad","272","576","0, Quad","120","15.8*20.3*2.7","650","3250","NO","v1.x","3.0 ~ 3.6"
"FALSE","195","ESP8684-WROOM-06C-H2X","ESP8684-WROOM-06C","Mass Production","Module","IEEE 802.11b/g/n; 2.4 GHz; HT20; up to 72 Mbps","Bluetooth LE v5.3","N/A","-40 ~ 105","14","2, Quad","272","576","0, Quad","120","15.8*20.3*2.7","650","3250","NO","v2.x","3.0 ~ 3.6"
"FALSE","196","ESP8684-WROOM-06C-H4","ESP8684-WROOM-06C","Mass Production","Module","IEEE 802.11b/g/n; 2.4 GHz; HT20; up to 72 Mbps","Bluetooth LE v5.3","N/A","-40 ~ 105","14","4, Quad","272","576","0, Quad","120","15.8*20.3*2.7","650","3250","NO","v1.x","3.0 ~ 3.6"
"FALSE","197","ESP8684-WROOM-06C-H4X","ESP8684-WROOM-06C","Mass Production","Module","IEEE 802.11b/g/n; 2.4 GHz; HT20; up to 72 Mbps","Bluetooth LE v5.3","N/A","-40 ~ 105","14","4, Quad","272","576","0, Quad","120","15.8*20.3*2.7","650","3250","NO","v2.x","3.0 ~ 3.6"
"FALSE","198","ESP8684-WROOM-07-H2","ESP8684-WROOM-07","Mass Production","Module","IEEE 802.11b/g/n; 2.4 GHz; HT20; up to 72 Mbps","Bluetooth LE v5.3","N/A","-40 ~ 105","3","2, Quad","272","576","0, Quad","120","8.5*12.7*1.9","650","3250","NO","v1.x","3.0 ~ 3.6"
"FALSE","199","ESP8684-WROOM-07-H2X","ESP8684-WROOM-07","Mass Production","Module","IEEE 802.11b/g/n; 2.4 GHz; HT20; up to 72 Mbps","Bluetooth LE v5.3","N/A","-40 ~ 105","3","2, Quad","272","576","0, Quad","120","8.5*12.7*1.9","650","3250","NO","v2.x","3.0 ~ 3.6"
"FALSE","200","ESP8684-WROOM-07-H4","ESP8684-WROOM-07","Mass Production","Module","IEEE 802.11b/g/n; 2.4 GHz; HT20; up to 72 Mbps","Bluetooth LE v5.3","N/A","-40 ~ 105","3","4, Quad","272","576","0, Quad","120","8.5*12.7*1.9","650","3250","NO","v1.x","3.0 ~ 3.6"
"FALSE","201","ESP8684-WROOM-07-H4X","ESP8684-WROOM-07","Mass Production","Module","IEEE 802.11b/g/n; 2.4 GHz; HT20; up to 72 Mbps","Bluetooth LE v5.3","N/A","-40 ~ 105","3","4, Quad","272","576","0, Quad","120","8.5*12.7*1.9","650","3250","NO","v2.x","3.0 ~ 3.6"
"FALSE","202","ESP8684-WROOM-01C-H2","ESP8684-WROOM-01C","Mass Production","Module","IEEE 802.11b/g/n; 2.4 GHz; HT20/40; up to 72 Mbps","Bluetooth LE v5.3","N/A","-40 ~ 105","14","2, Quad","272","576","0, Quad","120","24*16*3.1","650","3250","NO","v1.x","3.0 ~ 3.6"
"FALSE","203","ESP8684-WROOM-01C-H2X","ESP8684-WROOM-01C","Mass Production","Module","IEEE 802.11b/g/n; 2.4 GHz; HT20/40; up to 72 Mbps","Bluetooth LE v5.3","N/A","-40 ~ 105","14","2, Quad","272","576","0, Quad","120","24*16*3.1","650","3250","NO","v2.x","3.0 ~ 3.6"
"FALSE","204","ESP8684-WROOM-01C-H4","ESP8684-WROOM-01C","Mass Production","Module","IEEE 802.11b/g/n; 2.4 GHz; HT20; up to 150 Mbps","Bluetooth LE v5.3","N/A","-40 ~ 105","14","4, Quad","272","576","0, Quad","120","24*16*3.1","650","3250","NO","v1.x","3.0 ~ 3.6"
"FALSE","205","ESP8684-WROOM-01C-H4X","ESP8684-WROOM-01C","Mass Production","Module","IEEE 802.11b/g/n; 2.4 GHz; HT20; up to 150 Mbps","Bluetooth LE v5.3","N/A","-40 ~ 105","14","4, Quad","272","576","0, Quad","120","24*16*3.1","650","3250","NO","v2.x","3.0 ~ 3.6"
"FALSE","206","ESP8684-WROOM-02C-H2","ESP8684-WROOM-02C","Mass Production","Module","IEEE 802.11b/g/n; 2.4 GHz; HT20; up to 72 Mbps","Bluetooth LE v5.3","N/A","-40 ~ 105","14","2, Quad","272","576","0, Quad","120","18*20*3.2","650","3250","NO","v1.x","3.0 ~ 3.6"
"FALSE","207","ESP8684-WROOM-02C-H2X","ESP8684-WROOM-02C","Mass Production","Module","IEEE 802.11b/g/n; 2.4 GHz; HT20; up to 72 Mbps","Bluetooth LE v5.3","N/A","-40 ~ 105","14","2, Quad","272","576","0, Quad","120","18*20*3.2","650","3250","NO","v2.x","3.0 ~ 3.6"
"FALSE","208","ESP8684-WROOM-02C-H4","ESP8684-WROOM-02C","Mass Production","Module","IEEE 802.11b/g/n; 2.4 GHz; HT20; up to 150 Mbps","Bluetooth LE v5.3","N/A","-40 ~ 105","14","4, Quad","272","576","0, Quad","120","18*20*3.2","650","3250","NO","v1.x","3.0 ~ 3.6"
"FALSE","209","ESP8684-WROOM-02C-H4X","ESP8684-WROOM-02C","Mass Production","Module","IEEE 802.11b/g/n; 2.4 GHz; HT20; up to 150 Mbps","Bluetooth LE v5.3","N/A","-40 ~ 105","14","4, Quad","272","576","0, Quad","120","18*20*3.2","650","3250","NO","v2.x","3.0 ~ 3.6"
"FALSE","210","ESP8684-WROOM-04C-H2","ESP8684-WROOM-04C","Mass Production","Module","IEEE 802.11b/g/n; 2.4 GHz; HT20; up to 150 Mbps","Bluetooth LE v5.3","N/A","-40 ~ 105","13","2, Quad","272","576","0, Quad","120","24*16*3.1","650","3250","NO","v1.x","3.0 ~ 3.6"
"FALSE","211","ESP8684-WROOM-04C-H2X","ESP8684-WROOM-04C","Mass Production","Module","IEEE 802.11b/g/n; 2.4 GHz; HT20; up to 150 Mbps","Bluetooth LE v5.3","N/A","-40 ~ 105","13","2, Quad","272","576","0, Quad","120","24*16*3.1","650","3250","NO","v2.x","3.0 ~ 3.6"
"FALSE","212","ESP8684-WROOM-04C-H4","ESP8684-WROOM-04C","Mass Production","Module","IEEE 802.11b/g/n; 2.4 GHz; HT20; up to 72 Mbps","Bluetooth LE v5.3","N/A","-40 ~ 105","13","4, Quad","272","576","0, Quad","120","24*16*3.1","650","3250","NO","v1.x","3.0 ~ 3.6"
"FALSE","213","ESP8684-WROOM-04C-H4X","ESP8684-WROOM-04C","Mass Production","Module","IEEE 802.11b/g/n; 2.4 GHz; HT20; up to 72 Mbps","Bluetooth LE v5.3","N/A","-40 ~ 105","13","4, Quad","272","576","0, Quad","120","24*16*3.1","650","3250","NO","v2.x","3.0 ~ 3.6"
"FALSE","214","ESP8685-WROOM-01-H2","ESP8685-WROOM-01","EOL","Module","IEEE 802.11b/g/n; 2.4 GHz; HT20/40; up to 150 Mbps","Bluetooth LE v5.0","N/A","-40 ~ 105","15","2, Quad","400","384","0, Quad","120","24*16*3.1","650","3250","NO","v0.x","3.0 ~ 3.6"
"FALSE","215","ESP8685-WROOM-01-H4","ESP8685-WROOM-01","Mass Production","Module","IEEE 802.11b/g/n; 2.4 GHz; HT20/40; up to 150 Mbps","Bluetooth LE v5.0","N/A","-40 ~ 105","15","4, Quad","400","384","0, Quad","120","24*16*3.1","650","3250","NO","v0.x","3.0 ~ 3.6"
"FALSE","216","ESP8685-WROOM-04-H2","ESP8685-WROOM-04","EOL","Module","IEEE 802.11b/g/n; 2.4 GHz; HT20/40; up to 150 Mbps","Bluetooth LE v5.0","N/A","-40 ~ 105","13","2, Quad","400","384","0, Quad","120","24*16*3.1","650","3250","NO","v0.x","3.0 ~ 3.6"
"FALSE","217","ESP8685-WROOM-04-H4","ESP8685-WROOM-04","Mass Production","Module","IEEE 802.11b/g/n; 2.4 GHz; HT20/40; up to 150 Mbps","Bluetooth LE v5.0","N/A","-40 ~ 105","13","4, Quad","400","384","0, Quad","120","24*16*3.1","650","3250","NO","v0.x","3.0 ~ 3.6"
"FALSE","218","ESP32-WROVER-E-N4R2","ESP32-WROVER-E","Mass Production","Module","IEEE 802.11b/g/n; 2.4 GHz; HT20/40; up to 150 Mbps","BR/EDR + Bluetooth LE v4.2","N/A","-40 ~ 85","24","4, Quad","520","448","2, Quad","240","18*31.4*3.3","650","3250","NO","v3.x","3.0 ~ 3.6"
"FALSE","219","ESP32-WROVER-E-N8R2","ESP32-WROVER-E","Mass Production","Module","IEEE 802.11b/g/n; 2.4 GHz; HT20/40; up to 150 Mbps","BR/EDR + Bluetooth LE v4.2","N/A","-40 ~ 85","24","8, Quad","520","448","2, Quad","240","18*31.4*3.3","650","3250","NO","v3.x","3.0 ~ 3.6"
"FALSE","220","ESP32-WROVER-E-N16R2","ESP32-WROVER-E","Mass Production","Module","IEEE 802.11b/g/n; 2.4 GHz; HT20/40; up to 150 Mbps","BR/EDR + Bluetooth LE v4.2","N/A","-40 ~ 85","24","16, Quad","520","448","2, Quad","240","18*31.4*3.3","650","3250","NO","v3.x","3.0 ~ 3.6"
"FALSE","221","ESP32-WROVER-IE-N4R2","ESP32-WROVER-IE","Mass Production","Module","IEEE 802.11b/g/n; 2.4 GHz; HT20/40; up to 150 Mbps","BR/EDR + Bluetooth LE v4.2","N/A","-40 ~ 85","24","4, Quad","520","448","2, Quad","240","18*31.4*3.3","650","3250","NO","v3.x","3.0 ~ 3.6"
"FALSE","222","ESP32-WROVER-IE-N8R2","ESP32-WROVER-IE","Mass Production","Module","IEEE 802.11b/g/n; 2.4 GHz; HT20/40; up to 150 Mbps","BR/EDR + Bluetooth LE v4.2","N/A","-40 ~ 85","24","8, Quad","520","448","2, Quad","240","18*31.4*3.3","650","3250","NO","v3.x","3.0 ~ 3.6"
"FALSE","223","ESP32-WROVER-IE-N16R2","ESP32-WROVER-IE","Mass Production","Module","IEEE 802.11b/g/n; 2.4 GHz; HT20/40; up to 150 Mbps","BR/EDR + Bluetooth LE v4.2","N/A","-40 ~ 85","24","16, Quad","520","448","2, Quad","240","18*31.4*3.3","650","3250","NO","v3.x","3.0 ~ 3.6"
"FALSE","224","ESP32-WROOM-32E-N4R2","ESP32-WROOM-32E","Mass Production","Module","IEEE 802.11b/g/n; 2.4 GHz; HT20/40; up to 150 Mbps","BR/EDR + Bluetooth LE v4.2","N/A","-40 ~ 85","24","4, Quad","520","448","2, Quad","240","18*25.5*3.1","650","3250","NO","v3.x","3.0 ~ 3.6"
"FALSE","225","ESP32-WROOM-32E-N8R2","ESP32-WROOM-32E","Mass Production","Module","IEEE 802.11b/g/n; 2.4 GHz; HT20/40; up to 150 Mbps","BR/EDR + Bluetooth LE v4.2","N/A","-40 ~ 85","24","8, Quad","520","448","2, Quad","240","18*25.5*3.1","650","3250","NO","v3.x","3.0 ~ 3.6"
"FALSE","226","ESP32-WROOM-32E-N16R2","ESP32-WROOM-32E","Mass Production","Module","IEEE 802.11b/g/n; 2.4 GHz; HT20/40; up to 150 Mbps","BR/EDR + Bluetooth LE v4.2","N/A","-40 ~ 85","24","16, Quad","520","448","2, Quad","240","18*25.5*3.1","650","3250","NO","v3.x","3.0 ~ 3.6"
"FALSE","227","ESP32-WROOM-32UE-N4R2","ESP32-WROOM-32UE","Mass Production","Module","IEEE 802.11b/g/n; 2.4 GHz; HT20/40; up to 150 Mbps","BR/EDR + Bluetooth LE v4.2","N/A","-40 ~ 85","24","4, Quad","520","448","2, Quad","240","18*19.2*3.2","650","3250","NO","v3.x","3.0 ~ 3.6"
"FALSE","228","ESP32-WROOM-32UE-N8R2","ESP32-WROOM-32UE","Mass Production","Module","IEEE 802.11b/g/n; 2.4 GHz; HT20/40; up to 150 Mbps","BR/EDR + Bluetooth LE v4.2","N/A","-40 ~ 85","24","8, Quad","520","448","2, Quad","240","18*19.2*3.2","650","3250","NO","v3.x","3.0 ~ 3.6"
"FALSE","229","ESP32-WROOM-32UE-N16R2","ESP32-WROOM-32UE","Mass Production","Module","IEEE 802.11b/g/n; 2.4 GHz; HT20/40; up to 150 Mbps","BR/EDR + Bluetooth LE v4.2","N/A","-40 ~ 85","24","16, Quad","520","448","2, Quad","240","18*19.2*3.2","650","3250","NO","v3.x","3.0 ~ 3.6"
"FALSE","230","ESP32-C6","ESP32-C6","Mass Production","SoC","IEEE 802.11b/g/n; 2.4 GHz; HT20/40; up to 150 Mbps","Bluetooth LE v5.3","Available","-40 ~ 105","30","0, Quad","512","320","0, Quad","160","QFN40(5*5)","5000","5000","N/A","v0.x","3.0 ~ 3.6"
"FALSE","231","ESP32-C6FH4","ESP32-C6","Mass Production","SoC","IEEE 802.11b/g/n; 2.4 GHz; HT20/40; up to 150 Mbps","Bluetooth LE v5.3","Available","-40 ~ 105","22","4, Quad","512","320","0, Quad","160","QFN32(5*5)","5000","5000","NO","v0.x","3.0 ~ 3.6"
"FALSE","232","ESP32-C6FH8","ESP32-C6","Mass Production","SoC","IEEE 802.11b/g/n; 2.4 GHz; HT20/40; up to 150 Mbps","Bluetooth LE v5.3","Available","-40 ~ 105","22","8, Quad","512","320","0, Quad","160","QFN32(5*5)","5000","5000","NO","v0.x","3.0 ~ 3.6"
"FALSE","233","ESP32-C6-WROOM-1-N4","ESP32-C6-WROOM-1","Mass Production","Module","IEEE 802.11b/g/n; 2.4 GHz; HT20/40; up to 150 Mbps","Bluetooth LE v5.3","Available","-40 ~ 85","23","4, Quad","512","320","0, Quad","160","25.5*18*3.1","650","3250","NO","v0.x","3.0 ~ 3.6"
"FALSE","234","ESP32-C6-WROOM-1U-N4","ESP32-C6-WROOM-1U","Mass Production","Module","IEEE 802.11b/g/n; 2.4 GHz; HT20/40; up to 150 Mbps","Bluetooth LE v5.3","Available","-40 ~ 85","23","4, Quad","512","320","0, Quad","160","18x19.2x3.2","650","3250","NO","v0.x","3.0 ~ 3.6"
"FALSE","235","ESP32-C6-WROOM-1-N8","ESP32-C6-WROOM-1","Mass Production","Module","IEEE 802.11b/g/n; 2.4 GHz; HT20/40; up to 150 Mbps","Bluetooth LE v5.3","Available","-40 ~ 85","23","8, Quad","512","320","0, Quad","160","25.5*18*3.1","650","3250","NO","v0.x","3.0 ~ 3.6"
"FALSE","236","ESP32-C6-WROOM-1U-N8","ESP32-C6-WROOM-1U","Mass Production","Module","IEEE 802.11b/g/n; 2.4 GHz; HT20/40; up to 150 Mbps","Bluetooth LE v5.3","Available","-40 ~ 85","23","8, Quad","512","320","0, Quad","160","18x19.2x3.2","650","3250","NO","v0.x","3.0 ~ 3.6"
"FALSE","237","ESP32-C6-WROOM-1-N16","ESP32-C6-WROOM-1","Mass Production","Module","IEEE 802.11b/g/n; 2.4 GHz; HT20/40; up to 150 Mbps","Bluetooth LE v5.3","Available","-40 ~ 85","23","16, Quad","512","320","0, Quad","160","25.5*18*3.1","650","3250","NO","v0.x","3.0 ~ 3.6"
"FALSE","238","ESP32-C6-MINI-1-N4","ESP32-C6-MINI-1","Mass Production","Module","IEEE 802.11b/g/n; 2.4 GHz; HT20/40; up to 150 Mbps","Bluetooth LE v5.3","Available","-40 ~ 85","22","4, Quad","512","320","0, Quad","160","13.2*16.6*2.4","650","3250","NO","v0.x","3.0 ~ 3.6"
"FALSE","239","ESP32-C6-MINI-1-H4","ESP32-C6-MINI-1","Mass Production","Module","IEEE 802.11b/g/n; 2.4 GHz; HT20/40; up to 150 Mbps","Bluetooth LE v5.3","Available","-40 ~ 105","22","4, Quad","512","320","0, Quad","160","13.2*16.6*2.4","650","3250","NO","","3.0 ~ 3.6"
"FALSE","240","ESP32-C6-MINI-1U-N4","ESP32-C6-MINI-1U","Mass Production","Module","IEEE 802.11b/g/n; 2.4 GHz; HT20/40; up to 150 Mbps","Bluetooth LE v5.3","Available","-40 ~ 85","22","4, Quad","512","320","0, Quad","160","13.2×12.5×2.4","650","3250","NO","v0.x","3.0 ~ 3.6"
"FALSE","241","ESP32-C6-MINI-1-H8","ESP32-C6-MINI-1","Mass Production","Module","IEEE 802.11b/g/n; 2.4 GHz; HT20/40; up to 150 Mbps","Bluetooth LE v5.3","Available","-40 ~ 105","22","8, Quad","512","320","0, Quad","160","13.2*16.6*2.4","650","3250","NO","v0.x","3.0 ~ 3.6"
"FALSE","242","ESP32-C6-MINI-1U-H4","ESP32-C6-MINI-1U","Mass Production","Module","IEEE 802.11b/g/n; 2.4 GHz; HT20/40; up to 150 Mbps","Bluetooth LE v5.3","Available","-40 ~ 105","22","4, Quad","512","320","0, Quad","160","13.2×12.5×2.4","650","3250","NO","v0.x","3.0 ~ 3.6"
"FALSE","243","ESP32-H2FH2","ESP32-H2","Mass Production","SoC","N/A","Bluetooth LE v5.3","Available","-40 ~ 105","19","2, Quad","320","128","0, Quad","96","QFN32(4*4)","5000","5000","NO","v0.x","3.3 ~ 3.6"
"FALSE","244","ESP32-H2FH4","ESP32-H2","Mass Production","SoC","N/A","Bluetooth LE v5.3","Available","-40 ~ 105","19","4, Quad","320","128","0, Quad","96","QFN32(4*4)","5000","5000","NO","v0.x","3.3 ~ 3.6"
"FALSE","245","ESP32-H2-MINI-1-N2","ESP32-H2-MINI-1","Mass Production","Module","N/A","Bluetooth LE v5.3","Available","-40 ~ 85","19","2, Quad","320","128","0, Quad","96","13.2*16.6*2.4","650","3250","NO","v0.x","3.3 ~ 3.6"
"FALSE","246","ESP32-H2-MINI-1U-N2","ESP32-H2-MINI-1U","Mass Production","Module","N/A","Bluetooth LE v5.3","Available","-40 ~ 85","19","2, Quad","320","128","0, Quad","96","13.2×12.5×2.4","650","3250","NO","v0.x","3.3 ~ 3.6"
"FALSE","247","ESP32-H2-MINI-1-N4","ESP32-H2-MINI-1","Mass Production","Module","N/A","Bluetooth LE v5.3","Available","-40 ~ 85","19","4, Quad","320","128","0, Quad","96","13.2*16.6*2.4","650","3250","NO","v0.x","3.3 ~ 3.6"
"FALSE","248","ESP32-H2-MINI-1U-N4","ESP32-H2-MINI-1U","Mass Production","Module","N/A","Bluetooth LE v5.3","Available","-40 ~ 85","19","4, Quad","320","128","0, Quad","96","13.2×12.5×2.4","650","3250","NO","v0.x","3.3 ~ 3.6"
"FALSE","249","ESP32-H2-MINI-1-H2","ESP32-H2-MINI-1","Mass Production","Module","N/A","Bluetooth LE v5.3","Available","-40 ~ 105","19","2, Quad","320","128","0, Quad","96","13.2*16.6*2.4","650","3250","NO","v0.x","3.3 ~ 3.6"
"FALSE","250","ESP32-H2-MINI-1-H4","ESP32-H2-MINI-1","Mass Production","Module","N/A","Bluetooth LE v5.3","Available","-40 ~ 105","19","4, Quad","320","128","0, Quad","96","13.2*16.6*2.4","650","3250","NO","v0.x","3.3 ~ 3.6"
"FALSE","251","ESP32-H2-MINI-1U-H2","ESP32-H2-MINI-1U","Mass Production","Module","N/A","Bluetooth LE v5.3","Available","-40 ~ 105","19","2, Quad","320","128","0, Quad","96","13.2×12.5×2.4","650","3250","NO","v0.x","3.3 ~ 3.6"
"FALSE","252","ESP32-H2-MINI-1U-H4","ESP32-H2-MINI-1U","Mass Production","Module","N/A","Bluetooth LE v5.3","Available","-40 ~ 105","19","4, Quad","320","128","0, Quad","96","13.2×12.5×2.4","650","3250","NO","v0.x","3.3 ~ 3.6"
"FALSE","253","ESP32-H2-MINI-1-H2S","ESP32-H2-MINI-1","Mass Production","Module","N/A","Bluetooth LE v5.3","Available","-40 ~ 105","19","2, Quad","320","128","0, Quad","96","13.2*16.6*2.4","650","3250","NO","v1.x","3.3 ~ 3.6"
"FALSE","254","ESP32-H2-MINI-1-H4S","ESP32-H2-MINI-1","Mass Production","Module","N/A","Bluetooth LE v5.3","Available","-40 ~ 105","19","4, Quad","320","128","0, Quad","96","13.2*16.6*2.4","650","3250","NO","v1.x","3.3 ~ 3.6"
"FALSE","255","ESP32-H2-MINI-1U-H2S","ESP32-H2-MINI-1U","Mass Production","Module","N/A","Bluetooth LE v5.3","Available","-40 ~ 105","19","2, Quad","320","128","0, Quad","96","13.2×12.5×2.4","650","3250","NO","v1.x","3.3 ~ 3.6"
"FALSE","256","ESP32-H2-MINI-1U-H4S","ESP32-H2-MINI-1U","Mass Production","Module","N/A","Bluetooth LE v5.3","Available","-40 ~ 105","19","4, Quad","320","128","0, Quad","96","13.2×12.5×2.4","650","3250","NO","v1.x","3.3 ~ 3.6"
"FALSE","257","ESP32-H2FH2S","ESP32-H2","Mass Production","SoC","N/A","Bluetooth LE v5.3","Available","-40 ~ 105","19","2, Quad","320","128","0, Quad","96","QFN32(4*4)","5000","5000","NO","v1.x","3.3 ~ 3.6"
"FALSE","258","ESP32-H2FH4S","ESP32-H2","Mass Production","SoC","N/A","Bluetooth LE v5.3","Available","-40 ~ 105","19","4, Quad","320","128","0, Quad","96","QFN32(4*4)","5000","5000","NO","v1.x","3.3 ~ 3.6"
"FALSE","259","ESP32-S3-PICO-1-N8R8","ESP32-S3-PICO-1","Mass Production","SoC","IEEE 802.11b/g/n; 2.4 GHz; HT20/40; up to 150 Mbps","Bluetooth LE v5.0","N/A","-40 ~ 65","39","8, Quad","512","384","8, Octal","240","LGA56(7*7)","2000","2000","NO","v0.x","3.0 ~ 3.6"
"FALSE","260","ESP8684-WROOM-02UC-H2","ESP8684-WROOM-02UC","Mass Production","Module","IEEE 802.11b/g/n; 2.4 GHz; HT20; up to 72 Mbps","Bluetooth LE v5.3","N/A","-40 ~ 105","14","2, Quad","272","576","0, Quad","120","18.0*14.3*3.2","650","3250","NO","v1.x","3.0 ~ 3.6"
"FALSE","261","ESP8684-WROOM-02UC-H2X","ESP8684-WROOM-02UC","Mass Production","Module","IEEE 802.11b/g/n; 2.4 GHz; HT20; up to 72 Mbps","Bluetooth LE v5.3","N/A","-40 ~ 105","14","2, Quad","272","576","0, Quad","120","18.0*14.3*3.2","650","3250","NO","v2.x","3.0 ~ 3.6"
"FALSE","262","ESP8684-WROOM-02UC-H4","ESP8684-WROOM-02UC","Mass Production","Module","IEEE 802.11b/g/n; 2.4 GHz; HT20; up to 72 Mbps","Bluetooth LE v5.3","N/A","-40 ~ 105","14","4, Quad","272","576","0, Quad","120","18.0*14.3*3.2","650","3250","NO","v1.x","3.0 ~ 3.6"
"FALSE","263","ESP8684-WROOM-02UC-H4X","ESP8684-WROOM-02UC","Mass Production","Module","IEEE 802.11b/g/n; 2.4 GHz; HT20; up to 72 Mbps","Bluetooth LE v5.3","N/A","-40 ~ 105","14","4, Quad","272","576","0, Quad","120","18.0*14.3*3.2","650","3250","NO","v2.x","3.0 ~ 3.6"
"FALSE","264","ESP8684-MINI-1U-H2","ESP8684-MINI-1U","Mass Production","Module","IEEE 802.11b/g/n; 2.4 GHz; HT20; up to 72 Mbps","Bluetooth LE v5.3","N/A","-40 ~ 105","14","2, Quad","272","576","0, Quad","120","13.2*12.5*2.4","650","3250","NO","v1.x","3.0 ~ 3.6"
"FALSE","265","ESP8684-MINI-1U-H2X","ESP8684-MINI-1U","Mass Production","Module","IEEE 802.11b/g/n; 2.4 GHz; HT20; up to 72 Mbps","Bluetooth LE v5.3","N/A","-40 ~ 105","14","2, Quad","272","576","0, Quad","120","13.2*12.5*2.4","650","3250","NO","v2.x","3.0 ~ 3.6"
"FALSE","266","ESP8684-MINI-1U-H4","ESP8684-MINI-1U","Mass Production","Module","IEEE 802.11b/g/n; 2.4 GHz; HT20; up to 72 Mbps","Bluetooth LE v5.3","N/A","-40 ~ 105","14","4, Quad","272","576","0, Quad","120","13.2*12.5*2.4","650","3250","NO","v1.x","3.0 ~ 3.6"
"FALSE","267","ESP8684-MINI-1U-H4X","ESP8684-MINI-1U","Mass Production","Module","IEEE 802.11b/g/n; 2.4 GHz; HT20; up to 72 Mbps","Bluetooth LE v5.3","N/A","-40 ~ 105","14","4, Quad","272","576","0, Quad","120","13.2*12.5*2.4","650","3250","NO","v2.x","3.0 ~ 3.6"
"FALSE","268","ESP32-C3-WROOM-02-N8","ESP32-C3-WROOM-02","Mass Production","Module","IEEE 802.11b/g/n; 2.4 GHz; HT20/40; up to 150 Mbps","Bluetooth LE v5.0","N/A","-40 ~ 85","15","8, Quad","400","384","0, Quad","160","18*20*3.2","650","3250","NO","v0.x","3.0 ~ 3.6"
"FALSE","269","ESP32-C3-WROOM-02U-N8","ESP32-C3-WROOM-02U","Mass Production","Module","IEEE 802.11b/g/n; 2.4 GHz; HT20/40; up to 150 Mbps","Bluetooth LE v5.0","N/A","-40 ~ 85","15","8, Quad","400","384","0, Quad","160","18*14.3*3.2","650","3250","NO","v0.x","3.0 ~ 3.6"
"FALSE","270","ESP32-H2-WROOM-02C-H2","ESP32-H2-WROOM-02C","Mass Production","Module","N/A","Bluetooth LE v5.3","Available","-40 ~ 105","19","2, Quad","320","128","0, Quad","96","18*20*3.2","650","3250","NO","v0.x","3.3 ~ 3.6"
"FALSE","271","ESP32-H2-WROOM-02C-H4","ESP32-H2-WROOM-02C","Mass Production","Module","N/A","Bluetooth LE v5.3","Available","-40 ~ 105","19","4, Quad","320","128","0, Quad","96","18*20*3.2","650","3250","NO","v0.x","3.3 ~ 3.6"
"FALSE","272","ESP32-H2-WROOM-02C-H2S","ESP32-H2-WROOM-02C","Mass Production","Module","N/A","Bluetooth LE v5.3","Available","-40 ~ 105","19","2, Quad","320","128","0, Quad","96","18*20*3.2","650","3250","NO","v1.x","3.3 ~ 3.6"
"FALSE","273","ESP32-H2-WROOM-02C-H4S","ESP32-H2-WROOM-02C","Mass Production","Module","N/A","Bluetooth LE v5.3","Available","-40 ~ 105","19","4, Quad","320","128","0, Quad","96","18*20*3.2","650","3250","NO","v1.x","3.3 ~ 3.6"
"FALSE","274","ESP32-P4NRW16","ESP32-P4","Sample","SoC","N/A","N/A","","-40 ~ 85","55","0","768","128","16","400","QFN10x10","2000","2000","N/A","","3.0 ~ 3.6"
"FALSE","275","ESP32-P4NRW32","ESP32-P4","Sample","SoC","N/A","N/A","","-40 ~ 85","55","0","768","128","32","400","QFN10x10","2000","2000","N/A","","3.0 ~ 3.6"
"FALSE","276","ESP32-C3-MINI-1-H4X","ESP32-C3-MINI-1","Mass Production","Module","IEEE 802.11b/g/n; 2.4 GHz; HT20/40; up to 150 Mbps","Bluetooth LE v5.0","N/A","-40 ~ 105","15","4, Quad","400","384","0, Quad","160","13.2*16.6*2.4","650","3250","NO","v1.x","3.0 ~ 3.6"
"FALSE","277","ESP32-C61HR2","ESP32-C61","Sample","SoC","IEEE 802.11b/g/n; 2.4 GHz; HT20/40; up to 150 Mbps","Bluetooth LE v5.0","NA","-40 ~ 105","18","0, Quad","320","256","2, Quad","120","QFN40(5*5)","5000","5000","NO","","3.0 ~ 3.6"
"FALSE","278","ESP32-C61-WROOM-1-N4R2","ESP32-C61-WROOM-1","Sample","Module","IEEE 802.11b/g/n; 2.4 GHz; HT20/40; up to 150 Mbps","Bluetooth LE v5.0","NA","-40 ~ 85","18","4, Quad","320","256","2, Quad","120","18*25.5*3.2","650","3250","NO","","3.0 ~ 3.6"
"FALSE","279","ESP32-C61-WROOM-1-N8R2","ESP32-C61-WROOM-1","Sample","Module","IEEE 802.11b/g/n; 2.4 GHz; HT20/40; up to 150 Mbps","Bluetooth LE v5.0","NA","-40 ~ 85","18","8, Quad","320","256","2, Quad","120","18*25.5*3.2","650","3250","NO","","3.0 ~ 3.6"
"FALSE","280","ESP32-D0WDR2-V3","ESP32","Mass Production","SoC","IEEE 802.11b/g/n; 2.4 GHz; HT20/40; up to 150 Mbps","BR/EDR + Bluetooth LE v4.2","N/A","-40 ~ 85","33","0, Quad","520","448","2, Quad","240","QFN48(5*5)","5000","5000","N/A","v4.1.3+, v4.2.3+, v4.3.3+, v4.4.1+, v5.0 and later","2.3 ~ 3.6"
"FALSE","281","ESP32-S2-SOLO-2-N8","ESP32-S2-SOLO-2","Mass Production","Module","IEEE 802.11b/g/n; 2.4 GHz; HT20/40; up to 150 Mbps","N/A","N/A","-40 ~ 85","36","8, Quad","320","128","0, Quad","240","18*25.5*3.1","650","3250","NO","v1.x","3.0 ~ 3.6"
"FALSE","282","ESP32-S2-SOLO-2U-N8","ESP32-S2-SOLO-2U","Mass Production","Module","IEEE 802.11b/g/n; 2.4 GHz; HT20/40; up to 150 Mbps","N/A","N/A","-40 ~ 85","36","8, Quad","320","128","0, Quad","240","18*19.2*3.2","650","3250","NO","v1.x","3.0 ~ 3.6"
"FALSE","283","ESP32-S2-SOLO-2-N16","ESP32-S2-SOLO-2","Mass Production","Module","IEEE 802.11b/g/n; 2.4 GHz; HT20/40; up to 150 Mbps","N/A","N/A","-40 ~ 85","36","16, Quad","320","128","0, Quad","240","18*25.5*3.1","650","3250","NO","v1.x","3.0 ~ 3.6"
"FALSE","284","ESP32-S2-SOLO-2U-N16","ESP32-S2-SOLO-2U","Mass Production","Module","IEEE 802.11b/g/n; 2.4 GHz; HT20/40; up to 150 Mbps","N/A","N/A","-40 ~ 85","36","16, Quad","320","128","0, Quad","240","18*19.2*3.2","650","3250","NO","v1.x","3.0 ~ 3.6"
